/**
 * @file font_flash_data.h
 * @brief ChronoCube v5.5 — Flash 内嵌字库数据（XIP，零拷贝零RAM）
 *
 * ⚠️ 本文件由 tools/gen_font_flash_data.py 自动生成！不要手改。
 *
 * 生成时间：2026-07-29
 * 数据来源：resources/fonts/flash内置自定义字库/*.bin
 *
 * 字库规格（v4，CN24/CN48 独立字符集，不再共用）：
 *   g_cn24_codepoints[72] + g_cn24_data[5184B]  — 24×24，72字（14ASCII+4标点+54汉字）
 *   g_cn48_codepoints[29] + g_cn48_data[8352B]  — 48×48，29字（纯汉字）
 *   g_en_codepoints[11]  + g_en96_data[7392B]   — 56×96，11字（0-9+:）
 *   合计 20,928B ≈ 20.4KB Flash
 *
 * 约束：
 *   - ESP32 PROGMEM 放 Flash，通过 XIP 读，不占 RAM
 *   - CN24 与 CN48 各自独立 codepoints 表（v4 修正：不再共用）
 *   - codepoints 严格升序（二分查找用），与 .bin glyph 顺序一一对应
 *   - 生成脚本已按码点升序重排 glyph 数据，bin 原始顺序无需升序
 *   - 点阵格式：1bpp, MSB first, 行优先, 无头部
 */

#ifndef FONT_FLASH_DATA_H
#define FONT_FLASH_DATA_H

#include <stdint.h>
#include <stddef.h>

#ifdef __cplusplus
extern "C" {
#endif

/* ============================================================
 * 【1】CN24 码点表（72字，升序）— 对应 cn_24.bin
 *   13 ASCII (. 0-9 s) + 4 标点 (· 「 」 ？) + 52 汉字
 * ============================================================ */
static const uint32_t g_cn24_codepoints[72] PROGMEM = {
  0x0020, 0x002E, 0x0030, 0x0031, 0x0032, 0x0033, 0x0034, 0x0035,
  0x0036, 0x0037, 0x0038, 0x0039, 0x0073, 0x00B7, 0x300C, 0x300D,
  0x4E00, 0x4E09, 0x4E13, 0x4E60, 0x4E8B, 0x4E8C, 0x4E94, 0x4ECA,
  0x4F11, 0x4F4E, 0x4F55, 0x505C, 0x516D, 0x51FB, 0x52A1, 0x52A8,
  0x5373, 0x540E, 0x5468, 0x56DB, 0x56DE, 0x5982, 0x5B66, 0x5B9A,
  0x5C06, 0x5C4F, 0x5DF2, 0x5E55, 0x5E73, 0x5EA6, 0x606F, 0x611F,
  0x6210, 0x62E9, 0x6548, 0x6574, 0x65E5, 0x6682, 0x6CE8, 0x6DE1,
  0x6DF1, 0x70B9, 0x79D2, 0x7B2C, 0x7EE7, 0x7EED, 0x81EA, 0x89C9,
  0x8F7B, 0x8FD4, 0x9009, 0x91CF, 0x9501, 0x957F, 0x9AD8, 0xFF1F
};
#define G_CN24_COUNT  (uint32_t)(sizeof(g_cn24_codepoints)/sizeof(g_cn24_codepoints[0]))

/* ============================================================
 * 【2】CN48 码点表（29字，升序）— 对应 cn_48.bin
 *   29 纯汉字（模式名+状态+情绪+精力恢复），无ASCII无标点
 * ============================================================ */
static const uint32_t g_cn48_codepoints[29] PROGMEM = {
  0x4E13, 0x4E60, 0x4E8B, 0x4F11, 0x505C, 0x529B, 0x52A1, 0x5361,
  0x58F3, 0x590D, 0x5B66, 0x5DF2, 0x5E73, 0x5EA6, 0x6062, 0x606F,
  0x6210, 0x6682, 0x6CE8, 0x6DE1, 0x6DF1, 0x7545, 0x7AED, 0x7CBE,
  0x8017, 0x8F7B, 0x91CF, 0x957F, 0x987A
};
#define G_CN48_COUNT  (uint32_t)(sizeof(g_cn48_codepoints)/sizeof(g_cn48_codepoints[0]))

/* ============================================================
 * 【3】EN96 码点表（11字，升序）— 对应 en_96.bin
 *   0-9 + :
 * ============================================================ */
static const uint32_t g_en_codepoints[11] PROGMEM = {
  0x0030, 0x0031, 0x0032, 0x0033, 0x0034, 0x0035, 0x0036, 0x0037,
  0x0038, 0x0039, 0x003A
};
#define G_EN_COUNT  (uint32_t)(sizeof(g_en_codepoints)/sizeof(g_en_codepoints[0]))


/* ============================================================
 * 【4】点阵数据区（PROGMEM → ESP32 XIP Flash，CPU 直接读，不占 DRAM）
 * ============================================================ */

/* CN24 点阵：72 × 72B = 5,184B */
static const uint8_t g_cn24_data[5184] PROGMEM = {
  0x00, 0x00, 0x00, 0x00, 0x00, 0x00, 0x00, 0x00, 0x00, 0x00, 0x00, 0x00, 0x00, 0x00, 0x00, 0x00,
  0x00, 0x00, 0x00, 0x00, 0x00, 0x00, 0x00, 0x00, 0x00, 0x00, 0x00, 0x00, 0x00, 0x00, 0x00, 0x00,
  0x00, 0x00, 0x00, 0x00, 0x00, 0x00, 0x00, 0x00, 0x00, 0x00, 0x00, 0x00, 0x00, 0x00, 0x00, 0x00,
  0x00, 0x00, 0x00, 0x00, 0x00, 0x00, 0x00, 0x00, 0x00, 0x00, 0x00, 0x00, 0x00, 0x00, 0x00, 0x00,
  0x00, 0x00, 0x00, 0x00, 0x00, 0x00, 0x00, 0x00, 0x00, 0x00, 0x00, 0x00, 0x00, 0x00, 0x00, 0x00,
  0x00, 0x00, 0x00, 0x00, 0x00, 0x00, 0x00, 0x00, 0x00, 0x00, 0x00, 0x00, 0x00, 0x00, 0x00, 0x00,
  0x00, 0x00, 0x00, 0x00, 0x00, 0x00, 0x00, 0x00, 0x00, 0x00, 0x00, 0x00, 0x00, 0x00, 0x00, 0x00,
  0x00, 0x00, 0x00, 0x00, 0x00, 0x00, 0x00, 0x00, 0x30, 0x00, 0x00, 0x30, 0x00, 0x00, 0x00, 0x00,
  0x00, 0x00, 0x00, 0x00, 0x00, 0x00, 0x00, 0x00, 0x00, 0x00, 0x00, 0x00, 0x00, 0x00, 0x00, 0x00,
  0x00, 0x00, 0x00, 0x00, 0x00, 0x00, 0x00, 0x00, 0x00, 0x00, 0x00, 0x00, 0x00, 0x00, 0x00, 0x1F,
  0x00, 0x00, 0x31, 0x80, 0x00, 0x20, 0xC0, 0x00, 0x60, 0x40, 0x00, 0x60, 0x40, 0x00, 0x40, 0x60,
  0x00, 0x40, 0x60, 0x00, 0x40, 0x60, 0x00, 0x60, 0x40, 0x00, 0x60, 0x40, 0x00, 0x20, 0xC0, 0x00,
  0x31, 0x80, 0x00, 0x1F, 0x00, 0x00, 0x00, 0x00, 0x00, 0x00, 0x00, 0x00, 0x00, 0x00, 0x00, 0x00,
  0x00, 0x00, 0x00, 0x00, 0x00, 0x00, 0x00, 0x00, 0x00, 0x00, 0x00, 0x00, 0x00, 0x00, 0x00, 0x00,
  0x00, 0x00, 0x00, 0x00, 0x00, 0x00, 0x00, 0x06, 0x00, 0x00, 0x0E, 0x00, 0x00, 0x1E, 0x00, 0x00,
  0x36, 0x00, 0x00, 0x46, 0x00, 0x00, 0x06, 0x00, 0x00, 0x06, 0x00, 0x00, 0x06, 0x00, 0x00, 0x06,
  0x00, 0x00, 0x06, 0x00, 0x00, 0x06, 0x00, 0x00, 0x06, 0x00, 0x00, 0x7F, 0xE0, 0x00, 0x00, 0x00,
  0x00, 0x00, 0x00, 0x00, 0x00, 0x00, 0x00, 0x00, 0x00, 0x00, 0x00, 0x00, 0x00, 0x00, 0x00, 0x00,
  0x00, 0x00, 0x00, 0x00, 0x00, 0x00, 0x00, 0x00, 0x00, 0x00, 0x00, 0x00, 0x00, 0x00, 0x00, 0x1F,
  0x80, 0x00, 0x31, 0xC0, 0x00, 0x60, 0xC0, 0x00, 0x60, 0x40, 0x00, 0x00, 0x40, 0x00, 0x00, 0xC0,
  0x00, 0x01, 0x80, 0x00, 0x03, 0x00, 0x00, 0x06, 0x00, 0x00, 0x0C, 0x00, 0x00, 0x18, 0x00, 0x00,
  0x60, 0x00, 0x00, 0x7F, 0xC0, 0x00, 0x00, 0x00, 0x00, 0x00, 0x00, 0x00, 0x00, 0x00, 0x00, 0x00,
  0x00, 0x00, 0x00, 0x00, 0x00, 0x00, 0x00, 0x00, 0x00, 0x00, 0x00, 0x00, 0x00, 0x00, 0x00, 0x00,
  0x00, 0x00, 0x00, 0x00, 0x00, 0x00, 0x00, 0x1F, 0x80, 0x00, 0x31, 0xC0, 0x00, 0x60, 0xC0, 0x00,
  0x00, 0xC0, 0x00, 0x00, 0xC0, 0x00, 0x01, 0x80, 0x00, 0x0F, 0x80, 0x00, 0x00, 0xC0, 0x00, 0x00,
  0x60, 0x00, 0x00, 0x60, 0x00, 0x60, 0x40, 0x00, 0x30, 0xC0, 0x00, 0x1F, 0x80, 0x00, 0x00, 0x00,
  0x00, 0x00, 0x00, 0x00, 0x00, 0x00, 0x00, 0x00, 0x00, 0x00, 0x00, 0x00, 0x00, 0x00, 0x00, 0x00,
  0x00, 0x00, 0x00, 0x00, 0x00, 0x00, 0x00, 0x00, 0x00, 0x00, 0x00, 0x00, 0x00, 0x00, 0x00, 0x03,
  0x80, 0x00, 0x03, 0x80, 0x00, 0x05, 0x80, 0x00, 0x0D, 0x80, 0x00, 0x09, 0x80, 0x00, 0x11, 0x80,
  0x00, 0x31, 0x80, 0x00, 0x21, 0x80, 0x00, 0x41, 0x80, 0x00, 0x7F, 0xE0, 0x00, 0x01, 0x80, 0x00,
  0x01, 0x80, 0x00, 0x01, 0x80, 0x00, 0x00, 0x00, 0x00, 0x00, 0x00, 0x00, 0x00, 0x00, 0x00, 0x00,
  0x00, 0x00, 0x00, 0x00, 0x00, 0x00, 0x00, 0x00, 0x00, 0x00, 0x00, 0x00, 0x00, 0x00, 0x00, 0x00,
  0x00, 0x00, 0x00, 0x00, 0x00, 0x00, 0x00, 0x3F, 0xC0, 0x00, 0x20, 0x00, 0x00, 0x20, 0x00, 0x00,
  0x20, 0x00, 0x00, 0x2F, 0x00, 0x00, 0x3B, 0x80, 0x00, 0x20, 0xC0, 0x00, 0x40, 0x40, 0x00, 0x00,
  0x40, 0x00, 0x00, 0x40, 0x00, 0x60, 0xC0, 0x00, 0x31, 0x80, 0x00, 0x1F, 0x00, 0x00, 0x00, 0x00,
  0x00, 0x00, 0x00, 0x00, 0x00, 0x00, 0x00, 0x00, 0x00, 0x00, 0x00, 0x00, 0x00, 0x00, 0x00, 0x00,
  0x00, 0x00, 0x00, 0x00, 0x00, 0x00, 0x00, 0x00, 0x00, 0x00, 0x00, 0x00, 0x00, 0x00, 0x00, 0x1F,
  0x80, 0x00, 0x30, 0xC0, 0x00, 0x20, 0x40, 0x00, 0x60, 0x00, 0x00, 0x62, 0x00, 0x00, 0x4F, 0x80,
  0x00, 0x50, 0xC0, 0x00, 0x60, 0x40, 0x00, 0x60, 0x60, 0x00, 0x60, 0x40, 0x00, 0x20, 0x40, 0x00,
  0x31, 0xC0, 0x00, 0x1F, 0x00, 0x00, 0x00, 0x00, 0x00, 0x00, 0x00, 0x00, 0x00, 0x00, 0x00, 0x00,
  0x00, 0x00, 0x00, 0x00, 0x00, 0x00, 0x00, 0x00, 0x00, 0x00, 0x00, 0x00, 0x00, 0x00, 0x00, 0x00,
  0x00, 0x00, 0x00, 0x00, 0x00, 0x00, 0x00, 0x7F, 0xC0, 0x00, 0x00, 0xC0, 0x00, 0x01, 0x80, 0x00,
  0x01, 0x00, 0x00, 0x03, 0x00, 0x00, 0x02, 0x00, 0x00, 0x06, 0x00, 0x00, 0x04, 0x00, 0x00, 0x0C,
  0x00, 0x00, 0x0C, 0x00, 0x00, 0x0C, 0x00, 0x00, 0x0C, 0x00, 0x00, 0x08, 0x00, 0x00, 0x00, 0x00,
  0x00, 0x00, 0x00, 0x00, 0x00, 0x00, 0x00, 0x00, 0x00, 0x00, 0x00, 0x00, 0x00, 0x00, 0x00, 0x00,
  0x00, 0x00, 0x00, 0x00, 0x00, 0x00, 0x00, 0x00, 0x00, 0x00, 0x00, 0x00, 0x00, 0x00, 0x00, 0x1F,
  0x80, 0x00, 0x30, 0xC0, 0x00, 0x60, 0x40, 0x00, 0x60, 0x40, 0x00, 0x30, 0xC0, 0x00, 0x3F, 0x80,
  0x00, 0x1F, 0x80, 0x00, 0x31, 0xC0, 0x00, 0x60, 0x60, 0x00, 0x40, 0x60, 0x00, 0x40, 0x60, 0x00,
  0x60, 0xC0, 0x00, 0x1F, 0x80, 0x00, 0x00, 0x00, 0x00, 0x00, 0x00, 0x00, 0x00, 0x00, 0x00, 0x00,
  0x00, 0x00, 0x00, 0x00, 0x00, 0x00, 0x00, 0x00, 0x00, 0x00, 0x00, 0x00, 0x00, 0x00, 0x00, 0x00,
  0x00, 0x00, 0x00, 0x00, 0x00, 0x00, 0x00, 0x1F, 0x00, 0x00, 0x31, 0x80, 0x00, 0x60, 0xC0, 0x00,
  0x60, 0x40, 0x00, 0x40, 0x40, 0x00, 0x60, 0xC0, 0x00, 0x31, 0xE0, 0x00, 0x3F, 0x40, 0x00, 0x00,
  0x40, 0x00, 0x00, 0xC0, 0x00, 0x60, 0xC0, 0x00, 0x31, 0x80, 0x00, 0x1F, 0x00, 0x00, 0x00, 0x00,
  0x00, 0x00, 0x00, 0x00, 0x00, 0x00, 0x00, 0x00, 0x00, 0x00, 0x00, 0x00, 0x00, 0x00, 0x00, 0x00,
  0x00, 0x00, 0x00, 0x00, 0x00, 0x00, 0x00, 0x00, 0x00, 0x00, 0x00, 0x00, 0x00, 0x00, 0x00, 0x00,
  0x00, 0x00, 0x00, 0x00, 0x00, 0x00, 0x00, 0x00, 0x1E, 0x00, 0x00, 0x33, 0x00, 0x00, 0x61, 0x80,
  0x00, 0x60, 0x00, 0x00, 0x3C, 0x00, 0x00, 0x0F, 0x00, 0x00, 0x01, 0x80, 0x00, 0x41, 0x80, 0x00,
  0x61, 0x80, 0x00, 0x3F, 0x00, 0x00, 0x00, 0x00, 0x00, 0x00, 0x00, 0x00, 0x00, 0x00, 0x00, 0x00,
  0x00, 0x00, 0x00, 0x00, 0x00, 0x00, 0x00, 0x00, 0x00, 0x00, 0x00, 0x00, 0x00, 0x00, 0x00, 0x00,
  0x00, 0x00, 0x00, 0x00, 0x00, 0x00, 0x00, 0x00, 0x00, 0x00, 0x00, 0x00, 0x00, 0x00, 0x00, 0x00,
  0x00, 0x00, 0x00, 0x00, 0x00, 0x00, 0x00, 0x00, 0x00, 0x20, 0x00, 0x00, 0x60, 0x00, 0x00, 0x00,
  0x00, 0x00, 0x00, 0x00, 0x00, 0x00, 0x00, 0x00, 0x00, 0x00, 0x00, 0x00, 0x00, 0x00, 0x00, 0x00,
  0x00, 0x00, 0x00, 0x00, 0x00, 0x00, 0x00, 0x00, 0x00, 0x00, 0x00, 0x00, 0x00, 0x00, 0x00, 0x00,
  0x00, 0x00, 0x00, 0x00, 0x00, 0x00, 0x00, 0x00, 0x00, 0x00, 0x1F, 0x80, 0x00, 0x10, 0x00, 0x00,
  0x10, 0x00, 0x00, 0x10, 0x00, 0x00, 0x10, 0x00, 0x00, 0x10, 0x00, 0x00, 0x10, 0x00, 0x00, 0x10,
  0x00, 0x00, 0x10, 0x00, 0x00, 0x00, 0x00, 0x00, 0x00, 0x00, 0x00, 0x00, 0x00, 0x00, 0x00, 0x00,
  0x00, 0x00, 0x00, 0x00, 0x00, 0x00, 0x00, 0x00, 0x00, 0x00, 0x00, 0x00, 0x00, 0x00, 0x00, 0x00,
  0x00, 0x00, 0x00, 0x00, 0x00, 0x00, 0x00, 0x00, 0x00, 0x00, 0x00, 0x00, 0x00, 0x00, 0x00, 0x00,
  0x00, 0x00, 0x00, 0x00, 0x00, 0x00, 0x00, 0x00, 0x00, 0x00, 0x00, 0x00, 0x00, 0x00, 0x00, 0x00,
  0x00, 0x00, 0x00, 0x00, 0x00, 0x00, 0x01, 0x00, 0x00, 0x01, 0x00, 0x00, 0x01, 0x00, 0x00, 0x01,
  0x00, 0x00, 0x01, 0x00, 0x00, 0x01, 0x00, 0x00, 0x01, 0x00, 0x00, 0x01, 0x00, 0x00, 0x01, 0x00,
  0x00, 0x3F, 0x00, 0x00, 0x00, 0x00, 0x00, 0x00, 0x00, 0x00, 0x00, 0x00, 0x00, 0x00, 0x00, 0x00,
  0x00, 0x00, 0x00, 0x00, 0x00, 0x00, 0x00, 0x00, 0x00, 0x00, 0x00, 0x00, 0x00, 0x00, 0x00, 0x00,
  0x00, 0x00, 0x00, 0x00, 0x00, 0x00, 0x00, 0x00, 0x00, 0x00, 0x00, 0x00, 0x00, 0x00, 0x7F, 0xFF,
  0xC0, 0x00, 0x00, 0x00, 0x00, 0x00, 0x00, 0x00, 0x00, 0x00, 0x00, 0x00, 0x00, 0x00, 0x00, 0x00,
  0x00, 0x00, 0x00, 0x00, 0x00, 0x00, 0x00, 0x00, 0x00, 0x00, 0x00, 0x00, 0x00, 0x00, 0x00, 0x00,
  0x00, 0x00, 0x00, 0x00, 0x00, 0x00, 0x00, 0x00, 0x00, 0x00, 0x00, 0x00, 0x00, 0x00, 0x00, 0x00,
  0x00, 0x00, 0x00, 0x00, 0x3F, 0xFF, 0x80, 0x00, 0x00, 0x00, 0x00, 0x00, 0x00, 0x00, 0x00, 0x00,
  0x00, 0x00, 0x00, 0x00, 0x00, 0x00, 0x1F, 0xFE, 0x00, 0x1F, 0xFE, 0x00, 0x00, 0x00, 0x00, 0x00,
  0x00, 0x00, 0x00, 0x00, 0x00, 0x00, 0x00, 0x00, 0x00, 0x00, 0x00, 0x00, 0x00, 0x00, 0x7F, 0xFF,
  0xC0, 0x00, 0x00, 0x00, 0x00, 0x00, 0x00, 0x00, 0x00, 0x00, 0x00, 0x00, 0x00, 0x00, 0x00, 0x00,
  0x00, 0x00, 0x00, 0x00, 0x00, 0x00, 0x00, 0x80, 0x00, 0x00, 0xC0, 0x00, 0x00, 0x80, 0x00, 0x00,
  0x80, 0x00, 0x1F, 0xFF, 0x00, 0x01, 0x80, 0x00, 0x01, 0x00, 0x00, 0xFF, 0xFF, 0xC0, 0xFF, 0xFF,
  0xC0, 0x02, 0x00, 0x00, 0x03, 0xFE, 0x00, 0x07, 0xFE, 0x00, 0x00, 0x0C, 0x00, 0x02, 0x18, 0x00,
  0x03, 0x30, 0x00, 0x01, 0xE0, 0x00, 0x00, 0x70, 0x00, 0x00, 0x38, 0x00, 0x00, 0x08, 0x00, 0x00,
  0x00, 0x00, 0x00, 0x00, 0x00, 0x00, 0x00, 0x00, 0x00, 0x00, 0x00, 0x00, 0x00, 0x00, 0x00, 0x00,
  0x00, 0x00, 0x00, 0x00, 0x3F, 0xFF, 0x00, 0x00, 0x01, 0x00, 0x02, 0x01, 0x00, 0x07, 0x01, 0x00,
  0x03, 0x81, 0x00, 0x01, 0xC1, 0x00, 0x00, 0x81, 0x00, 0x00, 0x0D, 0x00, 0x00, 0x31, 0x00, 0x01,
  0xC1, 0x00, 0x0E, 0x01, 0x00, 0x78, 0x01, 0x00, 0x40, 0x01, 0x00, 0x00, 0x01, 0x00, 0x00, 0x01,
  0x00, 0x00, 0x0F, 0x00, 0x00, 0x08, 0x00, 0x00, 0x00, 0x00, 0x00, 0x00, 0x00, 0x00, 0x00, 0x00,
  0x00, 0x00, 0x00, 0x00, 0x00, 0x00, 0x00, 0xC0, 0x00, 0x00, 0xC0, 0x00, 0x7F, 0xFF, 0x80, 0x00,
  0xC0, 0x00, 0x1F, 0xFE, 0x00, 0x18, 0xC2, 0x00, 0x18, 0xC2, 0x00, 0x1F, 0xFE, 0x00, 0x00, 0xC0,
  0x00, 0x3F, 0xFE, 0x00, 0x00, 0xC2, 0x00, 0xFF, 0xFF, 0xC0, 0x00, 0xC2, 0x00, 0x3F, 0xFE, 0x00,
  0x40, 0xC0, 0x00, 0x00, 0xC0, 0x00, 0x00, 0xC0, 0x00, 0x03, 0x80, 0x00, 0x00, 0x00, 0x00, 0x00,
  0x00, 0x00, 0x00, 0x00, 0x00, 0x00, 0x00, 0x00, 0x00, 0x00, 0x00, 0x00, 0x00, 0x00, 0x00, 0x00,
  0x00, 0x00, 0x00, 0x00, 0x00, 0x00, 0x00, 0x1F, 0xFF, 0x00, 0x00, 0x00, 0x00, 0x00, 0x00, 0x00,
  0x00, 0x00, 0x00, 0x00, 0x00, 0x00, 0x00, 0x00, 0x00, 0x00, 0x00, 0x00, 0x00, 0x00, 0x00, 0x00,
  0x00, 0x00, 0x00, 0x00, 0x00, 0x00, 0x00, 0x00, 0x00, 0x00, 0x00, 0xFF, 0xFF, 0xC0, 0x00, 0x00,
  0x00, 0x00, 0x00, 0x00, 0x00, 0x00, 0x00, 0x00, 0x00, 0x00, 0x00, 0x00, 0x00, 0x00, 0x00, 0x00,
  0x00, 0x00, 0x00, 0x00, 0x00, 0x00, 0x00, 0x00, 0x00, 0x80, 0x00, 0x80, 0x7F, 0xFF, 0x80, 0x01,
  0x80, 0x00, 0x01, 0x80, 0x00, 0x01, 0x80, 0x00, 0x01, 0x00, 0x00, 0x1F, 0xFC, 0x00, 0x01, 0x0C,
  0x00, 0x01, 0x0C, 0x00, 0x03, 0x0C, 0x00, 0x03, 0x0C, 0x00, 0x03, 0x0C, 0x00, 0x02, 0x0C, 0x00,
  0x02, 0x0C, 0x00, 0x02, 0x0C, 0x00, 0xFF, 0xFF, 0xC0, 0x00, 0x00, 0x00, 0x00, 0x00, 0x00, 0x00,
  0x00, 0x00, 0x00, 0x00, 0x00, 0x00, 0x00, 0x00, 0x00, 0x00, 0x00, 0x00, 0x00, 0x00, 0x00, 0x00,
  0x00, 0x00, 0x40, 0x00, 0x00, 0xC0, 0x00, 0x00, 0xE0, 0x00, 0x01, 0xB0, 0x00, 0x03, 0x18, 0x00,
  0x06, 0x0C, 0x00, 0x0D, 0x86, 0x00, 0x18, 0xC3, 0x80, 0x70, 0x61, 0xC0, 0xE0, 0x40, 0x00, 0x1F,
  0xFE, 0x00, 0x1F, 0xFC, 0x00, 0x00, 0x08, 0x00, 0x00, 0x18, 0x00, 0x00, 0x10, 0x00, 0x00, 0x30,
  0x00, 0x00, 0x60, 0x00, 0x00, 0x40, 0x00, 0x00, 0x00, 0x00, 0x00, 0x00, 0x00, 0x00, 0x00, 0x00,
  0x00, 0x00, 0x00, 0x00, 0x00, 0x00, 0x00, 0x00, 0x00, 0x04, 0x10, 0x00, 0x0C, 0x10, 0x00, 0x0C,
  0x10, 0x00, 0x08, 0x10, 0x00, 0x18, 0x10, 0x00, 0x13, 0xFF, 0xC0, 0x30, 0x38, 0x00, 0x70, 0x38,
  0x00, 0xD0, 0x74, 0x00, 0x10, 0x54, 0x00, 0x10, 0xD2, 0x00, 0x11, 0x93, 0x00, 0x11, 0x11, 0x80,
  0x13, 0x10, 0xC0, 0x16, 0x10, 0x00, 0x10, 0x10, 0x00, 0x10, 0x10, 0x00, 0x30, 0x00, 0x00, 0x00,
  0x00, 0x00, 0x00, 0x00, 0x00, 0x00, 0x00, 0x00, 0x00, 0x00, 0x00, 0x00, 0x00, 0x00, 0x00, 0x00,
  0x00, 0x06, 0x01, 0x00, 0x04, 0x07, 0x80, 0x0D, 0xFC, 0x00, 0x09, 0x88, 0x00, 0x19, 0x88, 0x00,
  0x19, 0x88, 0x00, 0x39, 0x88, 0x00, 0x79, 0xFF, 0xC0, 0xD9, 0x88, 0x00, 0x19, 0x8C, 0x00, 0x19,
  0x84, 0x00, 0x19, 0x84, 0x00, 0x19, 0x96, 0x00, 0x19, 0xB2, 0x40, 0x19, 0xFB, 0x40, 0x19, 0xD9,
  0xC0, 0x19, 0x8C, 0xC0, 0x28, 0x00, 0x00, 0x00, 0x00, 0x00, 0x00, 0x00, 0x00, 0x00, 0x00, 0x00,
  0x00, 0x00, 0x00, 0x00, 0x00, 0x00, 0x00, 0x00, 0x00, 0x06, 0x00, 0x00, 0x04, 0x00, 0x00, 0x0D,
  0xFF, 0xC0, 0x08, 0x03, 0x00, 0x18, 0x03, 0x00, 0x19, 0xF3, 0x00, 0x39, 0x13, 0x00, 0x79, 0x13,
  0x00, 0xD9, 0x13, 0x00, 0x19, 0x13, 0x00, 0x19, 0xF3, 0x00, 0x19, 0x13, 0x00, 0x19, 0x13, 0x00,
  0x18, 0x03, 0x00, 0x18, 0x03, 0x00, 0x18, 0x03, 0x00, 0x18, 0x0E, 0x00, 0x28, 0x00, 0x00, 0x00,
  0x00, 0x00, 0x00, 0x00, 0x00, 0x00, 0x00, 0x00, 0x00, 0x00, 0x00, 0x00, 0x00, 0x00, 0x00, 0x00,
  0x00, 0x0C, 0x30, 0x00, 0x0C, 0x18, 0x00, 0x0B, 0xFF, 0xC0, 0x08, 0x00, 0x00, 0x10, 0xFF, 0x00,
  0x30, 0x81, 0x00, 0x30, 0xFF, 0x00, 0x70, 0x00, 0x00, 0xD7, 0xFF, 0xC0, 0x16, 0x00, 0x40, 0x16,
  0x00, 0x40, 0x11, 0xFF, 0x00, 0x10, 0x08, 0x00, 0x10, 0x08, 0x00, 0x10, 0x08, 0x00, 0x10, 0x08,
  0x00, 0x10, 0x78, 0x00, 0x30, 0x00, 0x00, 0x00, 0x00, 0x00, 0x00, 0x00, 0x00, 0x00, 0x00, 0x00,
  0x00, 0x00, 0x00, 0x00, 0x00, 0x00, 0x00, 0x80, 0x00, 0x01, 0x80, 0x00, 0x00, 0xC0, 0x00, 0x00,
  0x40, 0x00, 0x00, 0xA0, 0x00, 0x7F, 0xFF, 0xC0, 0x00, 0x00, 0x00, 0x00, 0x00, 0x00, 0x03, 0x10,
  0x00, 0x03, 0x38, 0x00, 0x02, 0x18, 0x00, 0x06, 0x0C, 0x00, 0x04, 0x06, 0x00, 0x0C, 0x02, 0x00,
  0x18, 0x03, 0x00, 0x30, 0x01, 0x80, 0x60, 0x00, 0x80, 0xE0, 0x00, 0xC0, 0x00, 0x00, 0x80, 0x00,
  0x00, 0x00, 0x00, 0x00, 0x00, 0x00, 0x00, 0x00, 0x00, 0x00, 0x00, 0x00, 0x00, 0x00, 0x00, 0xC0,
  0x00, 0x00, 0xC0, 0x00, 0x00, 0xC0, 0x00, 0x40, 0xC1, 0x00, 0x3F, 0xFF, 0x00, 0x00, 0xC0, 0x00,
  0x00, 0xC0, 0x00, 0x00, 0xC0, 0x00, 0xFF, 0xFF, 0xC0, 0x00, 0xC0, 0x00, 0x00, 0xC0, 0x00, 0x10,
  0xC3, 0x00, 0x10, 0xC3, 0x00, 0x10, 0xC3, 0x00, 0x10, 0xC3, 0x00, 0x10, 0xC3, 0x00, 0x1F, 0xFF,
  0x00, 0x00, 0x03, 0x00, 0x00, 0x00, 0x00, 0x00, 0x00, 0x00, 0x00, 0x00, 0x00, 0x00, 0x00, 0x00,
  0x00, 0x00, 0x00, 0x00, 0x00, 0x00, 0x00, 0x00, 0x00, 0x03, 0x00, 0x00, 0x03, 0xFC, 0x00, 0x06,
  0x0C, 0x00, 0x0F, 0x18, 0x00, 0x19, 0xB0, 0x00, 0x70, 0xE0, 0x00, 0x40, 0xE0, 0x00, 0x03, 0xB8,
  0x00, 0x1E, 0x8F, 0xC0, 0xF0, 0x81, 0x80, 0x0F, 0xFC, 0x00, 0x01, 0x8C, 0x00, 0x01, 0x0C, 0x00,
  0x03, 0x0C, 0x00, 0x06, 0x0C, 0x00, 0x0C, 0x0C, 0x00, 0x38, 0x38, 0x00, 0x00, 0x00, 0x00, 0x00,
  0x00, 0x00, 0x00, 0x00, 0x00, 0x00, 0x00, 0x00, 0x00, 0x00, 0x00, 0x00, 0x00, 0x00, 0x00, 0x00,
  0x00, 0x00, 0x08, 0x00, 0x00, 0x08, 0x00, 0x3F, 0x88, 0x00, 0x00, 0x08, 0x00, 0x00, 0x7F, 0x80,
  0x00, 0x7F, 0x80, 0xFF, 0xC8, 0x80, 0x0C, 0x08, 0x80, 0x0A, 0x08, 0x80, 0x1B, 0x08, 0x80, 0x11,
  0x08, 0x80, 0x21, 0x98, 0x80, 0x7F, 0x90, 0x80, 0x00, 0x70, 0x80, 0x00, 0x60, 0x80, 0x00, 0xC5,
  0x80, 0x03, 0x83, 0x80, 0x02, 0x00, 0x00, 0x00, 0x00, 0x00, 0x00, 0x00, 0x00, 0x00, 0x00, 0x00,
  0x00, 0x00, 0x00, 0x00, 0x00, 0x00, 0x00, 0x00, 0x00, 0x7F, 0x3F, 0x80, 0x61, 0x31, 0x80, 0x61,
  0x31, 0x80, 0x7F, 0x31, 0x80, 0x61, 0x31, 0x80, 0x61, 0x31, 0x80, 0x61, 0x31, 0x80, 0x7F, 0x31,
  0x80, 0x61, 0x31, 0x80, 0x6C, 0x31, 0x80, 0x66, 0x31, 0x80, 0x63, 0x37, 0x00, 0x6D, 0x36, 0x00,
  0x71, 0xB0, 0x00, 0x40, 0x30, 0x00, 0x00, 0x30, 0x00, 0x00, 0x30, 0x00, 0x00, 0x00, 0x00, 0x00,
  0x00, 0x00, 0x00, 0x00, 0x00, 0x00, 0x00, 0x00, 0x00, 0x00, 0x00, 0x00, 0x00, 0x00, 0x00, 0x01,
  0x00, 0x00, 0x0F, 0x00, 0x0F, 0xFC, 0x00, 0x08, 0x00, 0x00, 0x08, 0x00, 0x00, 0x08, 0x00, 0x00,
  0x0F, 0xFF, 0xC0, 0x08, 0x00, 0x00, 0x08, 0x00, 0x00, 0x09, 0xFF, 0x00, 0x09, 0xFF, 0x00, 0x09,
  0x01, 0x00, 0x09, 0x01, 0x00, 0x19, 0x01, 0x00, 0x11, 0x01, 0x00, 0x31, 0xFF, 0x00, 0x21, 0x01,
  0x00, 0x61, 0x01, 0x00, 0x00, 0x00, 0x00, 0x00, 0x00, 0x00, 0x00, 0x00, 0x00, 0x00, 0x00, 0x00,
  0x00, 0x00, 0x00, 0x00, 0x00, 0x00, 0x00, 0x00, 0x00, 0x1F, 0xFF, 0x80, 0x10, 0x00, 0x80, 0x10,
  0x40, 0x80, 0x13, 0xFC, 0x80, 0x10, 0x40, 0x80, 0x10, 0x40, 0x80, 0x17, 0xFE, 0x80, 0x10, 0x00,
  0x80, 0x11, 0xF8, 0x80, 0x11, 0x08, 0x80, 0x11, 0x08, 0x80, 0x11, 0x08, 0x80, 0x11, 0xF8, 0x80,
  0x11, 0x08, 0x80, 0x30, 0x00, 0x80, 0x60, 0x00, 0x80, 0x40, 0x07, 0x80, 0x00, 0x00, 0x00, 0x00,
  0x00, 0x00, 0x00, 0x00, 0x00, 0x00, 0x00, 0x00, 0x00, 0x00, 0x00, 0x00, 0x00, 0x00, 0x00, 0x00,
  0x00, 0x00, 0x00, 0x00, 0x3F, 0xFF, 0x80, 0x31, 0x30, 0x80, 0x31, 0x30, 0x80, 0x31, 0x30, 0x80,
  0x31, 0x30, 0x80, 0x31, 0x30, 0x80, 0x31, 0x30, 0x80, 0x31, 0x30, 0x80, 0x33, 0x30, 0x80, 0x36,
  0x1F, 0x80, 0x3C, 0x00, 0x80, 0x30, 0x00, 0x80, 0x30, 0x00, 0x80, 0x3F, 0xFF, 0x80, 0x30, 0x00,
  0x80, 0x30, 0x00, 0x80, 0x00, 0x00, 0x00, 0x00, 0x00, 0x00, 0x00, 0x00, 0x00, 0x00, 0x00, 0x00,
  0x00, 0x00, 0x00, 0x00, 0x00, 0x00, 0x00, 0x00, 0x00, 0x3F, 0xFF, 0x80, 0x20, 0x01, 0x80, 0x20,
  0x01, 0x80, 0x20, 0x01, 0x80, 0x20, 0x01, 0x80, 0x23, 0xF9, 0x80, 0x22, 0x19, 0x80, 0x22, 0x19,
  0x80, 0x22, 0x19, 0x80, 0x22, 0x19, 0x80, 0x23, 0xF9, 0x80, 0x22, 0x19, 0x80, 0x20, 0x01, 0x80,
  0x20, 0x01, 0x80, 0x3F, 0xFF, 0x80, 0x20, 0x01, 0x80, 0x20, 0x01, 0x80, 0x00, 0x00, 0x00, 0x00,
  0x00, 0x00, 0x00, 0x00, 0x00, 0x00, 0x00, 0x00, 0x00, 0x00, 0x00, 0x00, 0x00, 0x00, 0x00, 0x00,
  0x00, 0x0C, 0x00, 0x00, 0x0C, 0x00, 0x00, 0x0C, 0x00, 0x00, 0x08, 0x3F, 0x80, 0x7F, 0x30, 0x80,
  0x09, 0xB0, 0x80, 0x19, 0xB0, 0x80, 0x19, 0xB0, 0x80, 0x11, 0x30, 0x80, 0x31, 0x30, 0x80, 0x23,
  0x30, 0x80, 0x3A, 0x30, 0x80, 0x0E, 0x30, 0x80, 0x0F, 0x30, 0x80, 0x19, 0xBF, 0x80, 0x38, 0xF0,
  0x80, 0x60, 0x30, 0x80, 0xC0, 0x00, 0x00, 0x00, 0x00, 0x00, 0x00, 0x00, 0x00, 0x00, 0x00, 0x00,
  0x00, 0x00, 0x00, 0x00, 0x00, 0x00, 0x01, 0x00, 0x00, 0x11, 0x84, 0x00, 0x18, 0x8C, 0x00, 0x0C,
  0xC8, 0x00, 0x04, 0x98, 0x00, 0x7F, 0xFF, 0xC0, 0x40, 0x00, 0xC0, 0x40, 0x00, 0xC0, 0x0F, 0xF8,
  0x00, 0x00, 0x18, 0x00, 0x00, 0x60, 0x00, 0x00, 0x40, 0x00, 0x7F, 0xFF, 0xC0, 0x00, 0x40, 0x00,
  0x00, 0x40, 0x00, 0x00, 0x40, 0x00, 0x00, 0x40, 0x00, 0x03, 0xC0, 0x00, 0x00, 0x00, 0x00, 0x00,
  0x00, 0x00, 0x00, 0x00, 0x00, 0x00, 0x00, 0x00, 0x00, 0x00, 0x00, 0x00, 0x00, 0x00, 0x00, 0x80,
  0x00, 0x01, 0xC0, 0x00, 0x00, 0x80, 0x00, 0x3F, 0xFF, 0x80, 0x20, 0x00, 0x80, 0x20, 0x00, 0x80,
  0x00, 0x00, 0x00, 0x3F, 0xFF, 0x80, 0x00, 0x40, 0x00, 0x00, 0x40, 0x00, 0x0C, 0x40, 0x00, 0x08,
  0x7E, 0x00, 0x08, 0x40, 0x00, 0x1C, 0x40, 0x00, 0x16, 0x40, 0x00, 0x33, 0x40, 0x00, 0x61, 0xC0,
  0x00, 0xC0, 0x7F, 0xC0, 0x40, 0x00, 0x00, 0x00, 0x00, 0x00, 0x00, 0x00, 0x00, 0x00, 0x00, 0x00,
  0x00, 0x00, 0x00, 0x00, 0x00, 0x00, 0x00, 0x00, 0x00, 0x0C, 0x30, 0x00, 0x04, 0x20, 0x00, 0x44,
  0x7F, 0x80, 0x64, 0xC3, 0x00, 0x35, 0xE6, 0x00, 0x17, 0x3C, 0x00, 0x24, 0x18, 0x00, 0x04, 0x72,
  0x00, 0x0F, 0xC2, 0x00, 0x1D, 0x02, 0x00, 0x37, 0xFF, 0xC0, 0x64, 0xC2, 0x00, 0xC4, 0x62, 0x00,
  0x04, 0x22, 0x00, 0x04, 0x02, 0x00, 0x04, 0x02, 0x00, 0x0C, 0x1E, 0x00, 0x00, 0x00, 0x00, 0x00,
  0x00, 0x00, 0x00, 0x00, 0x00, 0x00, 0x00, 0x00, 0x00, 0x00, 0x00, 0x00, 0x00, 0x00, 0x00, 0x00,
  0x00, 0x1F, 0xFF, 0x80, 0x18, 0x01, 0x80, 0x18, 0x01, 0x80, 0x1F, 0xFF, 0x80, 0x18, 0x86, 0x00,
  0x19, 0xC4, 0x00, 0x18, 0x6C, 0x00, 0x1B, 0xFF, 0x80, 0x18, 0xC4, 0x00, 0x18, 0xC4, 0x00, 0x18,
  0xC4, 0x40, 0x1F, 0xFF, 0xC0, 0x18, 0xC4, 0x00, 0x10, 0x84, 0x00, 0x31, 0x84, 0x00, 0x63, 0x04,
  0x00, 0x46, 0x0C, 0x00, 0x00, 0x00, 0x00, 0x00, 0x00, 0x00, 0x00, 0x00, 0x00, 0x00, 0x00, 0x00,
  0x00, 0x00, 0x00, 0x00, 0x00, 0x00, 0x00, 0x00, 0x00, 0x3F, 0xFE, 0x00, 0x20, 0x02, 0x00, 0x00,
  0x02, 0x00, 0x00, 0x02, 0x00, 0x20, 0x02, 0x00, 0x20, 0x02, 0x00, 0x20, 0x02, 0x00, 0x3F, 0xFE,
  0x00, 0x20, 0x02, 0x00, 0x20, 0x00, 0x00, 0x20, 0x00, 0x00, 0x20, 0x00, 0x00, 0x20, 0x00, 0xC0,
  0x20, 0x00, 0xC0, 0x20, 0x00, 0xC0, 0x30, 0x00, 0x80, 0x1F, 0xFF, 0x80, 0x00, 0x00, 0x00, 0x00,
  0x00, 0x00, 0x00, 0x00, 0x00, 0x00, 0x00, 0x00, 0x00, 0x00, 0x00, 0x00, 0x00, 0x00, 0x02, 0x10,
  0x00, 0x02, 0x10, 0x00, 0x7F, 0xFF, 0xC0, 0x02, 0x10, 0x00, 0x0F, 0xFC, 0x00, 0x08, 0x04, 0x00,
  0x0F, 0xFC, 0x00, 0x08, 0x04, 0x00, 0x0F, 0xFC, 0x00, 0x01, 0x80, 0x00, 0x7F, 0xFF, 0xC0, 0x02,
  0x0C, 0x00, 0x0C, 0x46, 0x00, 0x3F, 0xFF, 0x80, 0xEC, 0x46, 0xC0, 0x0C, 0x5E, 0x00, 0x0C, 0x4C,
  0x00, 0x00, 0x40, 0x00, 0x00, 0x00, 0x00, 0x00, 0x00, 0x00, 0x00, 0x00, 0x00, 0x00, 0x00, 0x00,
  0x00, 0x00, 0x00, 0x00, 0x00, 0x00, 0x00, 0x00, 0x00, 0x7F, 0xFF, 0x80, 0x3F, 0xFF, 0x80, 0x50,
  0xC4, 0x00, 0x18, 0xC3, 0x00, 0x18, 0xC6, 0x00, 0x0C, 0xCC, 0x00, 0x04, 0xC8, 0x00, 0x06, 0xD8,
  0x00, 0xFF, 0xFF, 0xC0, 0x80, 0xC0, 0x40, 0x00, 0xC0, 0x00, 0x00, 0xC0, 0x00, 0x00, 0xC0, 0x00,
  0x00, 0xC0, 0x00, 0x00, 0xC0, 0x00, 0x00, 0xC0, 0x00, 0x00, 0xC0, 0x00, 0x00, 0x00, 0x00, 0x00,
  0x00, 0x00, 0x00, 0x00, 0x00, 0x00, 0x00, 0x00, 0x00, 0x00, 0x00, 0x00, 0x00, 0x00, 0x00, 0x60,
  0x00, 0x00, 0x20, 0x00, 0x1F, 0xFF, 0xC0, 0x11, 0x84, 0x00, 0x10, 0x84, 0x00, 0x17, 0xFF, 0xC0,
  0x10, 0x84, 0x00, 0x10, 0x84, 0x00, 0x10, 0xFC, 0x00, 0x10, 0x00, 0x00, 0x10, 0x00, 0x00, 0x13,
  0xFF, 0x00, 0x10, 0x86, 0x00, 0x10, 0xCC, 0x00, 0x10, 0x78, 0x00, 0x30, 0x30, 0x00, 0x21, 0xEE,
  0x00, 0x4F, 0x03, 0xC0, 0x00, 0x00, 0x00, 0x00, 0x00, 0x00, 0x00, 0x00, 0x00, 0x00, 0x00, 0x00,
  0x00, 0x00, 0x00, 0x00, 0x00, 0x00, 0x01, 0x00, 0x00, 0x01, 0x80, 0x00, 0x0F, 0xFE, 0x00, 0x08,
  0x02, 0x00, 0x08, 0x02, 0x00, 0x0F, 0xFE, 0x00, 0x08, 0x02, 0x00, 0x08, 0x02, 0x00, 0x0F, 0xFE,
  0x00, 0x08, 0x02, 0x00, 0x08, 0x02, 0x00, 0x0F, 0xFE, 0x00, 0x0C, 0x40, 0x00, 0x44, 0xE0, 0x00,
  0x24, 0x31, 0x80, 0x64, 0x02, 0x80, 0xC4, 0x02, 0xC0, 0x87, 0xFE, 0x80, 0x01, 0xFC, 0x00, 0x00,
  0x00, 0x00, 0x00, 0x00, 0x00, 0x00, 0x00, 0x00, 0x00, 0x00, 0x00, 0x00, 0x00, 0x00, 0x00, 0x0A,
  0x00, 0x00, 0x0B, 0x00, 0x00, 0x09, 0x80, 0x1F, 0xFF, 0xC0, 0x10, 0x08, 0x00, 0x17, 0xE9, 0x80,
  0x10, 0x09, 0x80, 0x13, 0xED, 0x00, 0x12, 0x6F, 0x00, 0x12, 0x66, 0x00, 0x13, 0xEE, 0x40, 0x30,
  0x3B, 0x40, 0x20, 0x51, 0xC0, 0x42, 0x60, 0xC0, 0x12, 0x30, 0x80, 0x32, 0x23, 0xC0, 0x62, 0x02,
  0x60, 0x43, 0xFE, 0x00, 0x00, 0x00, 0x00, 0x00, 0x00, 0x00, 0x00, 0x00, 0x00, 0x00, 0x00, 0x00,
  0x00, 0x00, 0x00, 0x00, 0x00, 0x00, 0x00, 0x10, 0x00, 0x00, 0x16, 0x00, 0x00, 0x13, 0x00, 0x00,
  0x13, 0x00, 0x1F, 0xFF, 0xC0, 0x10, 0x10, 0x00, 0x10, 0x11, 0x00, 0x10, 0x11, 0x80, 0x1F, 0x91,
  0x00, 0x11, 0x93, 0x00, 0x11, 0x9A, 0x00, 0x11, 0x8E, 0x00, 0x11, 0x8C, 0x00, 0x11, 0x8C, 0x80,
  0x37, 0xBE, 0x40, 0x27, 0x63, 0x40, 0x61, 0xC1, 0xC0, 0xC1, 0x00, 0xC0, 0x00, 0x00, 0x00, 0x00,
  0x00, 0x00, 0x00, 0x00, 0x00, 0x00, 0x00, 0x00, 0x00, 0x00, 0x00, 0x00, 0x00, 0x00, 0x00, 0x00,
  0x00, 0x08, 0x00, 0x00, 0x08, 0xFF, 0x80, 0x08, 0x63, 0x00, 0x08, 0x26, 0x00, 0xFF, 0x1C, 0x00,
  0x08, 0x18, 0x00, 0x08, 0x36, 0x00, 0x0A, 0xEB, 0xC0, 0x0F, 0x88, 0x00, 0x78, 0xFF, 0x80, 0xC8,
  0x08, 0x00, 0x08, 0x08, 0x00, 0x08, 0x08, 0x00, 0x09, 0xFF, 0xC0, 0x08, 0x08, 0x00, 0x08, 0x08,
  0x00, 0x78, 0x08, 0x00, 0x20, 0x00, 0x00, 0x00, 0x00, 0x00, 0x00, 0x00, 0x00, 0x00, 0x00, 0x00,
  0x00, 0x00, 0x00, 0x00, 0x00, 0x00, 0x00, 0x00, 0x00, 0x08, 0x10, 0x00, 0x18, 0x10, 0x00, 0x0C,
  0x10, 0x00, 0x00, 0x30, 0x00, 0x7F, 0xBF, 0xC0, 0x13, 0x33, 0x00, 0x31, 0x73, 0x00, 0x25, 0xD3,
  0x00, 0x42, 0xD2, 0x00, 0xA2, 0x9A, 0x00, 0x36, 0x0E, 0x00, 0x1C, 0x0C, 0x00, 0x0C, 0x0C, 0x00,
  0x0F, 0x0E, 0x00, 0x09, 0x1B, 0x00, 0x18, 0x71, 0xC0, 0xF0, 0xE0, 0xC0, 0x40, 0x80, 0x00, 0x00,
  0x00, 0x00, 0x00, 0x00, 0x00, 0x00, 0x00, 0x00, 0x00, 0x00, 0x00, 0x00, 0x00, 0x00, 0x00, 0x00,
  0x00, 0x06, 0x0C, 0x00, 0x86, 0x28, 0x00, 0x7F, 0xDF, 0xC0, 0x3F, 0x99, 0x00, 0x26, 0xB9, 0x00,
  0x26, 0xAF, 0x00, 0x1F, 0x66, 0x00, 0x0F, 0x06, 0x00, 0x1E, 0xDD, 0x00, 0x66, 0x70, 0xC0, 0xC0,
  0x00, 0x00, 0x3F, 0xFF, 0x80, 0x04, 0x60, 0x00, 0x04, 0x7E, 0x00, 0x04, 0x60, 0x00, 0x04, 0x60,
  0x00, 0x7F, 0xFF, 0xC0, 0x00, 0x00, 0x00, 0x00, 0x00, 0x00, 0x00, 0x00, 0x00, 0x00, 0x00, 0x00,
  0x00, 0x00, 0x00, 0x00, 0x00, 0x00, 0x00, 0x00, 0x00, 0x00, 0x00, 0x00, 0x1F, 0xFF, 0x00, 0x10,
  0x03, 0x00, 0x10, 0x03, 0x00, 0x10, 0x03, 0x00, 0x10, 0x03, 0x00, 0x10, 0x03, 0x00, 0x1F, 0xFF,
  0x00, 0x10, 0x03, 0x00, 0x10, 0x03, 0x00, 0x10, 0x03, 0x00, 0x10, 0x03, 0x00, 0x10, 0x03, 0x00,
  0x1F, 0xFF, 0x00, 0x1F, 0xFF, 0x00, 0x10, 0x03, 0x00, 0x10, 0x03, 0x00, 0x00, 0x00, 0x00, 0x00,
  0x00, 0x00, 0x00, 0x00, 0x00, 0x00, 0x00, 0x00, 0x00, 0x00, 0x00, 0x00, 0x00, 0x00, 0x08, 0x00,
  0x00, 0x0C, 0x01, 0x80, 0xFF, 0xDF, 0x00, 0x18, 0x10, 0x00, 0x16, 0x10, 0x00, 0x3F, 0xDF, 0xC0,
  0x06, 0x13, 0x00, 0x07, 0xD3, 0x00, 0x7E, 0x33, 0x00, 0x06, 0x63, 0x00, 0x00, 0xC0, 0x00, 0x00,
  0x00, 0x00, 0x1F, 0xFE, 0x00, 0x18, 0x02, 0x00, 0x1F, 0xFE, 0x00, 0x18, 0x02, 0x00, 0x18, 0x02,
  0x00, 0x1F, 0xFE, 0x00, 0x18, 0x02, 0x00, 0x00, 0x00, 0x00, 0x00, 0x00, 0x00, 0x00, 0x00, 0x00,
  0x00, 0x00, 0x00, 0x00, 0x00, 0x00, 0x00, 0x20, 0x00, 0x30, 0x70, 0x00, 0x18, 0x18, 0x00, 0x0C,
  0x10, 0x00, 0x00, 0x00, 0x00, 0x43, 0xFF, 0xC0, 0xE0, 0x10, 0x00, 0x30, 0x10, 0x00, 0x04, 0x10,
  0x00, 0x08, 0x10, 0x00, 0x09, 0xFF, 0x80, 0x08, 0x10, 0x00, 0x10, 0x10, 0x00, 0x10, 0x10, 0x00,
  0x30, 0x10, 0x00, 0x30, 0x10, 0x00, 0x24, 0x10, 0x40, 0x67, 0xFF, 0xC0, 0x00, 0x00, 0x00, 0x00,
  0x00, 0x00, 0x00, 0x00, 0x00, 0x00, 0x00, 0x00, 0x00, 0x00, 0x00, 0x00, 0x00, 0x00, 0x00, 0x00,
  0x00, 0x20, 0x18, 0x00, 0x70, 0x19, 0x00, 0x18, 0xD3, 0x00, 0x00, 0x9E, 0x00, 0x41, 0x90, 0x00,
  0xE1, 0x3C, 0x00, 0x30, 0x67, 0x00, 0x08, 0xC1, 0x80, 0x11, 0x98, 0xC0, 0x10, 0x19, 0x00, 0x11,
  0x91, 0x80, 0x11, 0x1B, 0x00, 0x23, 0x1C, 0x00, 0x22, 0x24, 0x00, 0x20, 0x66, 0x00, 0x60, 0xC3,
  0x00, 0x47, 0x81, 0xC0, 0x02, 0x00, 0x40, 0x00, 0x00, 0x00, 0x00, 0x00, 0x00, 0x00, 0x00, 0x00,
  0x00, 0x00, 0x00, 0x00, 0x00, 0x00, 0x00, 0x00, 0x00, 0x20, 0x00, 0x00, 0x33, 0xFF, 0x80, 0x1B,
  0x00, 0x80, 0x03, 0x44, 0x80, 0x40, 0xE6, 0x00, 0xE0, 0x83, 0x00, 0x31, 0x91, 0x80, 0x0B, 0x10,
  0x00, 0x08, 0x10, 0x00, 0x0B, 0xFF, 0xC0, 0x10, 0x38, 0x00, 0x10, 0x74, 0x00, 0x10, 0xD6, 0x00,
  0x31, 0x93, 0x00, 0x23, 0x11, 0xC0, 0x66, 0x10, 0x80, 0x60, 0x10, 0x00, 0x00, 0x00, 0x00, 0x00,
  0x00, 0x00, 0x00, 0x00, 0x00, 0x00, 0x00, 0x00, 0x00, 0x00, 0x00, 0x00, 0x00, 0x00, 0x00, 0x80,
  0x00, 0x00, 0x80, 0x00, 0x00, 0x80, 0x00, 0x00, 0xFF, 0x80, 0x00, 0x80, 0x00, 0x00, 0x80, 0x00,
  0x00, 0x80, 0x00, 0x1F, 0xFE, 0x00, 0x10, 0x02, 0x00, 0x10, 0x02, 0x00, 0x10, 0x02, 0x00, 0x1F,
  0xFE, 0x00, 0x10, 0x02, 0x00, 0x00, 0x02, 0x00, 0x12, 0x13, 0x00, 0x13, 0x31, 0x80, 0x31, 0x19,
  0x80, 0x21, 0x88, 0xC0, 0x61, 0x10, 0x40, 0x00, 0x00, 0x00, 0x00, 0x00, 0x00, 0x00, 0x00, 0x00,
  0x00, 0x00, 0x00, 0x00, 0x00, 0x00, 0x00, 0x00, 0x00, 0x0E, 0x04, 0x00, 0x7C, 0x04, 0x00, 0x48,
  0x04, 0x00, 0x08, 0x25, 0x00, 0x08, 0x25, 0x80, 0x7F, 0x24, 0xC0, 0x1C, 0x64, 0x40, 0x1C, 0x44,
  0x60, 0x1E, 0x44, 0x00, 0x3B, 0xC4, 0xC0, 0x29, 0x84, 0x80, 0x68, 0x01, 0x80, 0xC8, 0x01, 0x00,
  0x08, 0x02, 0x00, 0x08, 0x0C, 0x00, 0x08, 0x38, 0x00, 0x09, 0xF0, 0x00, 0x01, 0x80, 0x00, 0x00,
  0x00, 0x00, 0x00, 0x00, 0x00, 0x00, 0x00, 0x00, 0x00, 0x00, 0x00, 0x00, 0x00, 0x00, 0x00, 0x00,
  0x00, 0x0C, 0x08, 0x00, 0x18, 0x18, 0x40, 0x17, 0xD7, 0x80, 0x26, 0x26, 0x00, 0x66, 0x44, 0x00,
  0xDF, 0xFF, 0x00, 0x00, 0x61, 0x00, 0x00, 0x61, 0x00, 0x1F, 0xFF, 0x00, 0x10, 0x60, 0x00, 0x10,
  0x60, 0x00, 0x1F, 0xFF, 0x80, 0x01, 0xE0, 0x80, 0x03, 0x60, 0x80, 0x0E, 0x60, 0x80, 0x38, 0x63,
  0x80, 0xE0, 0x60, 0x00, 0x00, 0x00, 0x00, 0x00, 0x00, 0x00, 0x00, 0x00, 0x00, 0x00, 0x00, 0x00,
  0x00, 0x00, 0x00, 0x00, 0x00, 0x00, 0x00, 0x04, 0x00, 0x18, 0x04, 0x00, 0x18, 0xA4, 0x80, 0x30,
  0xB4, 0xC0, 0x24, 0x95, 0x80, 0x66, 0x9D, 0x00, 0x5C, 0x86, 0x00, 0xE8, 0xBF, 0xC0, 0x18, 0x8E,
  0x00, 0x30, 0x8F, 0x00, 0x20, 0x9D, 0x80, 0x7E, 0x94, 0x80, 0x80, 0xA4, 0xC0, 0x00, 0xE4, 0x80,
  0x0E, 0x84, 0x00, 0xF0, 0x84, 0x00, 0x80, 0xFF, 0xC0, 0x00, 0x00, 0x00, 0x00, 0x00, 0x00, 0x00,
  0x00, 0x00, 0x00, 0x00, 0x00, 0x00, 0x00, 0x00, 0x00, 0x00, 0x00, 0x00, 0x00, 0x00, 0x00, 0x08,
  0x00, 0x18, 0x08, 0x00, 0x10, 0x08, 0x00, 0x30, 0xFF, 0x80, 0x28, 0x08, 0x00, 0x66, 0x08, 0x00,
  0x5D, 0xFF, 0x80, 0xE8, 0x41, 0xC0, 0x10, 0x6D, 0x00, 0x30, 0xBC, 0x00, 0x21, 0xCC, 0x00, 0x7E,
  0x6C, 0x00, 0x83, 0xFF, 0xC0, 0x00, 0x0E, 0x00, 0x0E, 0x0B, 0x00, 0xF0, 0x19, 0x80, 0x80, 0x70,
  0xC0, 0x03, 0xC0, 0x60, 0x00, 0x00, 0x00, 0x00, 0x00, 0x00, 0x00, 0x00, 0x00, 0x00, 0x00, 0x00,
  0x00, 0x00, 0x00, 0x00, 0x00, 0x00, 0x00, 0x00, 0x00, 0x00, 0xC0, 0x00, 0x01, 0x80, 0x00, 0x03,
  0x00, 0x00, 0x1F, 0xFF, 0x00, 0x10, 0x03, 0x00, 0x10, 0x03, 0x00, 0x10, 0x03, 0x00, 0x1F, 0xFF,
  0x00, 0x10, 0x03, 0x00, 0x10, 0x03, 0x00, 0x10, 0x03, 0x00, 0x1F, 0xFF, 0x00, 0x10, 0x03, 0x00,
  0x10, 0x03, 0x00, 0x10, 0x03, 0x00, 0x1F, 0xFF, 0x00, 0x10, 0x03, 0x00, 0x00, 0x00, 0x00, 0x00,
  0x00, 0x00, 0x00, 0x00, 0x00, 0x00, 0x00, 0x00, 0x00, 0x00, 0x00, 0x00, 0x00, 0x00, 0x00, 0x80,
  0x00, 0x19, 0x86, 0x00, 0x0C, 0xC4, 0x00, 0x06, 0x48, 0x00, 0x04, 0x38, 0x00, 0x7F, 0xFF, 0xC0,
  0x40, 0x00, 0xC0, 0x4F, 0xFC, 0xC0, 0x0C, 0x04, 0x00, 0x0C, 0xC4, 0x00, 0x0C, 0xC4, 0x00, 0x0C,
  0xC4, 0x00, 0x0C, 0xE4, 0x00, 0x0C, 0xA4, 0x00, 0x01, 0xA0, 0x40, 0x03, 0x20, 0x40, 0x1C, 0x20,
  0x40, 0x70, 0x1F, 0xC0, 0x00, 0x00, 0x00, 0x00, 0x00, 0x00, 0x00, 0x00, 0x00, 0x00, 0x00, 0x00,
  0x00, 0x00, 0x00, 0x00, 0x00, 0x00, 0x00, 0x00, 0x00, 0x18, 0x00, 0x00, 0x10, 0xFF, 0x00, 0x10,
  0x06, 0x00, 0xFE, 0x04, 0x00, 0x20, 0x0C, 0x00, 0x28, 0x1E, 0x00, 0x68, 0x33, 0x00, 0x48, 0x61,
  0xC0, 0x7F, 0xC0, 0x80, 0x08, 0x80, 0x00, 0x08, 0x7F, 0x80, 0x0F, 0x08, 0x00, 0xF8, 0x08, 0x00,
  0x88, 0x08, 0x00, 0x08, 0x08, 0x00, 0x08, 0xFF, 0xC0, 0x08, 0x00, 0x00, 0x18, 0x00, 0x00, 0x00,
  0x00, 0x00, 0x00, 0x00, 0x00, 0x00, 0x00, 0x00, 0x00, 0x00, 0x00, 0x00, 0x00, 0x00, 0x20, 0x01,
  0x00, 0x71, 0x8F, 0x00, 0x19, 0xF0, 0x00, 0x11, 0x80, 0x00, 0x01, 0x80, 0x00, 0x79, 0xFF, 0x00,
  0x09, 0x83, 0x00, 0x09, 0x82, 0x00, 0x09, 0xC6, 0x00, 0x09, 0xE4, 0x00, 0x09, 0x3C, 0x00, 0x09,
  0x18, 0x00, 0x0B, 0x3C, 0x00, 0x0A, 0xE6, 0x00, 0x0D, 0x83, 0x00, 0x36, 0x01, 0x80, 0xE3, 0xFF,
  0xC0, 0x80, 0x7F, 0x80, 0x00, 0x00, 0x00, 0x00, 0x00, 0x00, 0x00, 0x00, 0x00, 0x00, 0x00, 0x00,
  0x00, 0x00, 0x00, 0x00, 0x00, 0x00, 0x00, 0x18, 0x00, 0x20, 0x98, 0x00, 0x30, 0xD8, 0x00, 0x18,
  0xFF, 0x80, 0x09, 0x98, 0x00, 0x01, 0x18, 0x00, 0x03, 0x18, 0x00, 0x02, 0x18, 0x00, 0xFB, 0xFF,
  0xC0, 0x08, 0x64, 0x00, 0x08, 0x64, 0x00, 0x08, 0x44, 0x40, 0x08, 0x44, 0x40, 0x08, 0x84, 0x40,
  0x0F, 0x87, 0xC0, 0x1E, 0x00, 0x00, 0x67, 0x00, 0x00, 0x41, 0xFF, 0xC0, 0x00, 0x00, 0x00, 0x00,
  0x00, 0x00, 0x00, 0x00, 0x00, 0x00, 0x00, 0x00, 0x00, 0x00, 0x00, 0x00, 0x00, 0x00, 0x00, 0x00,
  0x00, 0x1F, 0xFE, 0x00, 0x18, 0x02, 0x00, 0x1F, 0xFE, 0x00, 0x18, 0x02, 0x00, 0x1F, 0xFE, 0x00,
  0x00, 0x00, 0x00, 0xFF, 0xFF, 0xC0, 0x1F, 0xFE, 0x00, 0x18, 0xC2, 0x00, 0x1F, 0xFE, 0x00, 0x18,
  0xC2, 0x00, 0x1F, 0xFE, 0x00, 0x00, 0xC0, 0x00, 0x1F, 0xFF, 0x00, 0x00, 0xC0, 0x00, 0x7F, 0xFF,
  0xC0, 0x00, 0x00, 0x00, 0x00, 0x00, 0x00, 0x00, 0x00, 0x00, 0x00, 0x00, 0x00, 0x00, 0x00, 0x00,
  0x00, 0x00, 0x00, 0x00, 0x00, 0x00, 0x00, 0x00, 0x00, 0x18, 0x8C, 0x00, 0x10, 0xC4, 0xC0, 0x10,
  0x65, 0x80, 0x3F, 0x35, 0x00, 0x20, 0x06, 0x00, 0x20, 0x7F, 0x80, 0x7F, 0x40, 0x80, 0xC8, 0x4C,
  0x80, 0xC8, 0x4C, 0x80, 0x7F, 0x48, 0x80, 0x08, 0x48, 0x80, 0x08, 0x48, 0x80, 0x0B, 0x58, 0x80,
  0x0E, 0x14, 0x00, 0x0C, 0x26, 0x00, 0x18, 0xC3, 0x80, 0x03, 0x80, 0xC0, 0x06, 0x00, 0x40, 0x00,
  0x00, 0x00, 0x00, 0x00, 0x00, 0x00, 0x00, 0x00, 0x00, 0x00, 0x00, 0x00, 0x00, 0x00, 0x0C, 0x00,
  0x00, 0x0C, 0x04, 0x00, 0x0C, 0x0E, 0x00, 0x0C, 0x18, 0x00, 0x0C, 0x30, 0x00, 0x0C, 0xE0, 0x00,
  0x0F, 0x80, 0x00, 0x0F, 0x00, 0x00, 0xFF, 0xFF, 0x80, 0x0C, 0xC0, 0x00, 0x0C, 0x40, 0x00, 0x0C,
  0x60, 0x00, 0x0C, 0x30, 0x00, 0x0C, 0x18, 0x00, 0x0C, 0x8C, 0x00, 0x0D, 0xC7, 0x00, 0x0F, 0x01,
  0xC0, 0x0C, 0x00, 0x80, 0x00, 0x00, 0x00, 0x00, 0x00, 0x00, 0x00, 0x00, 0x00, 0x00, 0x00, 0x00,
  0x00, 0x00, 0x00, 0x00, 0x00, 0x00, 0x01, 0x80, 0x00, 0x00, 0xC0, 0x00, 0x7F, 0xFF, 0xC0, 0x00,
  0x00, 0x00, 0x07, 0xFC, 0x00, 0x04, 0x04, 0x00, 0x04, 0x04, 0x00, 0x07, 0xFC, 0x00, 0x00, 0x00,
  0x00, 0x3F, 0xFF, 0x80, 0x20, 0x00, 0x80, 0x20, 0x00, 0x80, 0x27, 0xFC, 0x80, 0x24, 0x0C, 0x80,
  0x24, 0x0C, 0x80, 0x27, 0xF0, 0x80, 0x20, 0x00, 0x80, 0x20, 0x07, 0x80, 0x00, 0x00, 0x00, 0x00,
  0x00, 0x00, 0x00, 0x00, 0x00, 0x00, 0x00, 0x00, 0x00, 0x00, 0x00, 0x00, 0x00, 0x00, 0x00, 0x00,
  0x00, 0x00, 0x00, 0x00, 0x00, 0x00, 0x00, 0x01, 0xF0, 0x00, 0x03, 0x18, 0x00, 0x06, 0x0C, 0x00,
  0x06, 0x0C, 0x00, 0x00, 0x0C, 0x00, 0x00, 0x18, 0x00, 0x00, 0x70, 0x00, 0x00, 0x40, 0x00, 0x00,
  0x40, 0x00, 0x00, 0x40, 0x00, 0x00, 0x00, 0x00, 0x00, 0xC0, 0x00, 0x00, 0xC0, 0x00, 0x00, 0x00,
  0x00, 0x00, 0x00, 0x00, 0x00, 0x00, 0x00, 0x00, 0x00, 0x00, 0x00, 0x00, 0x00, 0x00, 0x00, 0x00
};

/* CN48 点阵：29 × 288B = 8,352B */
static const uint8_t g_cn48_data[8352] PROGMEM = {
  0x00, 0x00, 0x00, 0x00, 0x00, 0x00, 0x00, 0x00, 0x00, 0x00, 0x00, 0x00, 0x00, 0x00, 0x00, 0x00,
  0x00, 0x00, 0x00, 0x00, 0x00, 0x00, 0x00, 0x00, 0x00, 0x00, 0x00, 0x00, 0x00, 0x00, 0x00, 0x00,
  0x00, 0x00, 0x00, 0x00, 0x00, 0x00, 0x70, 0x00, 0x00, 0x00, 0x00, 0x00, 0xE0, 0x00, 0x00, 0x00,
  0x00, 0x00, 0xE0, 0x00, 0x00, 0x00, 0x00, 0x00, 0xE0, 0x00, 0x00, 0x00, 0x00, 0x00, 0xE0, 0x00,
  0x00, 0x00, 0x00, 0x01, 0xC0, 0x00, 0x00, 0x00, 0x07, 0xFF, 0xFF, 0xFF, 0x00, 0x00, 0x07, 0xFF,
  0xFF, 0xFF, 0x00, 0x00, 0x07, 0xFF, 0xFF, 0xFF, 0x00, 0x00, 0x00, 0x03, 0x80, 0x00, 0x00, 0x00,
  0x00, 0x03, 0x80, 0x00, 0x00, 0x00, 0x00, 0x03, 0x80, 0x00, 0x00, 0x00, 0x00, 0x07, 0x00, 0x00,
  0x00, 0x00, 0x00, 0x07, 0x00, 0x00, 0x00, 0x00, 0x7F, 0xFF, 0xFF, 0xFF, 0xF0, 0x00, 0x7F, 0xFF,
  0xFF, 0xFF, 0xF0, 0x00, 0x00, 0x0E, 0x00, 0x00, 0x00, 0x00, 0x00, 0x0E, 0x00, 0x00, 0x00, 0x00,
  0x00, 0x0E, 0x00, 0x00, 0x00, 0x00, 0x00, 0x0C, 0x00, 0x00, 0x00, 0x00, 0x00, 0x1F, 0xFF, 0xFC,
  0x00, 0x00, 0x00, 0x1F, 0xFF, 0xFC, 0x00, 0x00, 0x00, 0x00, 0x00, 0x7C, 0x00, 0x00, 0x00, 0x00,
  0x00, 0xF0, 0x00, 0x00, 0x00, 0x00, 0x01, 0xE0, 0x00, 0x00, 0x00, 0x00, 0x03, 0xC0, 0x00, 0x00,
  0x00, 0x04, 0x07, 0x80, 0x00, 0x00, 0x00, 0x0F, 0x0F, 0x00, 0x00, 0x00, 0x00, 0x0F, 0xDE, 0x00,
  0x00, 0x00, 0x00, 0x07, 0xFC, 0x00, 0x00, 0x00, 0x00, 0x01, 0xF8, 0x00, 0x00, 0x00, 0x00, 0x00,
  0x7C, 0x00, 0x00, 0x00, 0x00, 0x00, 0x3F, 0x00, 0x00, 0x00, 0x00, 0x00, 0x0F, 0x80, 0x00, 0x00,
  0x00, 0x00, 0x07, 0xC0, 0x00, 0x00, 0x00, 0x00, 0x01, 0xC0, 0x00, 0x00, 0x00, 0x00, 0x00, 0x80,
  0x00, 0x00, 0x00, 0x00, 0x00, 0x00, 0x00, 0x00, 0x00, 0x00, 0x00, 0x00, 0x00, 0x00, 0x00, 0x00,
  0x00, 0x00, 0x00, 0x00, 0x00, 0x00, 0x00, 0x00, 0x00, 0x00, 0x00, 0x00, 0x00, 0x00, 0x00, 0x00,
  0x00, 0x00, 0x00, 0x00, 0x00, 0x00, 0x00, 0x00, 0x00, 0x00, 0x00, 0x00, 0x00, 0x00, 0x00, 0x00,
  0x00, 0x00, 0x00, 0x00, 0x00, 0x00, 0x00, 0x00, 0x00, 0x00, 0x00, 0x00, 0x00, 0x00, 0x00, 0x00,
  0x00, 0x00, 0x00, 0x00, 0x00, 0x00, 0x00, 0x00, 0x00, 0x00, 0x00, 0x00, 0x00, 0x00, 0x00, 0x00,
  0x00, 0x00, 0x00, 0x00, 0x00, 0x00, 0x0F, 0xFF, 0xFF, 0xFF, 0x00, 0x00, 0x0F, 0xFF, 0xFF, 0xFF,
  0x00, 0x00, 0x0F, 0xFF, 0xFF, 0xFF, 0x00, 0x00, 0x00, 0x00, 0x00, 0x07, 0x00, 0x00, 0x00, 0x00,
  0x00, 0x07, 0x00, 0x00, 0x00, 0x1C, 0x00, 0x07, 0x00, 0x00, 0x00, 0x3E, 0x00, 0x07, 0x00, 0x00,
  0x00, 0x1F, 0x00, 0x07, 0x00, 0x00, 0x00, 0x0F, 0x80, 0x07, 0x00, 0x00, 0x00, 0x07, 0xC0, 0x07,
  0x00, 0x00, 0x00, 0x03, 0xE0, 0x07, 0x00, 0x00, 0x00, 0x00, 0xF0, 0x07, 0x00, 0x00, 0x00, 0x00,
  0x60, 0x07, 0x00, 0x00, 0x00, 0x00, 0x40, 0x07, 0x00, 0x00, 0x00, 0x00, 0x00, 0x37, 0x00, 0x00,
  0x00, 0x00, 0x01, 0xF7, 0x00, 0x00, 0x00, 0x00, 0x07, 0xC7, 0x00, 0x00, 0x00, 0x00, 0x3E, 0x07,
  0x00, 0x00, 0x00, 0x01, 0xF8, 0x07, 0x00, 0x00, 0x00, 0x0F, 0xC0, 0x07, 0x00, 0x00, 0x00, 0x7F,
  0x00, 0x07, 0x00, 0x00, 0x07, 0xF8, 0x00, 0x07, 0x00, 0x00, 0x3F, 0xE0, 0x00, 0x07, 0x00, 0x00,
  0x1F, 0x00, 0x00, 0x07, 0x00, 0x00, 0x1C, 0x00, 0x00, 0x07, 0x00, 0x00, 0x10, 0x00, 0x00, 0x07,
  0x00, 0x00, 0x00, 0x00, 0x00, 0x07, 0x00, 0x00, 0x00, 0x00, 0x00, 0x07, 0x00, 0x00, 0x00, 0x00,
  0x00, 0x07, 0x00, 0x00, 0x00, 0x00, 0x00, 0x07, 0x00, 0x00, 0x00, 0x00, 0x00, 0x7F, 0x00, 0x00,
  0x00, 0x00, 0x00, 0x7E, 0x00, 0x00, 0x00, 0x00, 0x00, 0x78, 0x00, 0x00, 0x00, 0x00, 0x00, 0x00,
  0x00, 0x00, 0x00, 0x00, 0x00, 0x00, 0x00, 0x00, 0x00, 0x00, 0x00, 0x00, 0x00, 0x00, 0x00, 0x00,
  0x00, 0x00, 0x00, 0x00, 0x00, 0x00, 0x00, 0x00, 0x00, 0x00, 0x00, 0x00, 0x00, 0x00, 0x00, 0x00,
  0x00, 0x00, 0x00, 0x00, 0x00, 0x00, 0x00, 0x00, 0x00, 0x00, 0x00, 0x00, 0x00, 0x00, 0x00, 0x00,
  0x00, 0x00, 0x00, 0x00, 0x00, 0x00, 0x00, 0x00, 0x00, 0x00, 0x00, 0x00, 0x00, 0x00, 0x00, 0x00,
  0x00, 0x00, 0x00, 0x00, 0x00, 0x00, 0x70, 0x00, 0x00, 0x00, 0x00, 0x00, 0x70, 0x00, 0x00, 0x00,
  0x00, 0x00, 0x70, 0x00, 0x00, 0x00, 0x3F, 0xFF, 0xFF, 0xFF, 0xE0, 0x00, 0x3F, 0xFF, 0xFF, 0xFF,
  0xE0, 0x00, 0x00, 0x00, 0x70, 0x00, 0x00, 0x00, 0x00, 0x00, 0x70, 0x00, 0x00, 0x00, 0x01, 0xFF,
  0xFF, 0xFC, 0x00, 0x00, 0x01, 0xFF, 0xFF, 0xFC, 0x00, 0x00, 0x01, 0x80, 0x70, 0x1C, 0x00, 0x00,
  0x01, 0x80, 0x70, 0x1C, 0x00, 0x00, 0x01, 0x80, 0x70, 0x1C, 0x00, 0x00, 0x01, 0xFF, 0xFF, 0xFC,
  0x00, 0x00, 0x01, 0xFF, 0xFF, 0xFC, 0x00, 0x00, 0x00, 0x00, 0x70, 0x00, 0x00, 0x00, 0x00, 0x00,
  0x70, 0x00, 0x00, 0x00, 0x0F, 0xFF, 0xFF, 0xFE, 0x00, 0x00, 0x0F, 0xFF, 0xFF, 0xFE, 0x00, 0x00,
  0x08, 0x00, 0x70, 0x0E, 0x00, 0x00, 0x00, 0x00, 0x70, 0x0E, 0x00, 0x00, 0x00, 0x00, 0x70, 0x0E,
  0x00, 0x00, 0x7F, 0xFF, 0xFF, 0xFF, 0xF0, 0x00, 0x7F, 0xFF, 0xFF, 0xFF, 0xF0, 0x00, 0x00, 0x00,
  0x70, 0x0E, 0x00, 0x00, 0x00, 0x00, 0x70, 0x0E, 0x00, 0x00, 0x00, 0x00, 0x70, 0x0E, 0x00, 0x00,
  0x0F, 0xFF, 0xFF, 0xFE, 0x00, 0x00, 0x0F, 0xFF, 0xFF, 0xFE, 0x00, 0x00, 0x00, 0x00, 0x70, 0x00,
  0x00, 0x00, 0x00, 0x00, 0x70, 0x00, 0x00, 0x00, 0x00, 0x00, 0x70, 0x00, 0x00, 0x00, 0x00, 0x00,
  0x70, 0x00, 0x00, 0x00, 0x00, 0x00, 0xE0, 0x00, 0x00, 0x00, 0x00, 0x07, 0xE0, 0x00, 0x00, 0x00,
  0x00, 0x07, 0xC0, 0x00, 0x00, 0x00, 0x00, 0x07, 0x80, 0x00, 0x00, 0x00, 0x00, 0x00, 0x00, 0x00,
  0x00, 0x00, 0x00, 0x00, 0x00, 0x00, 0x00, 0x00, 0x00, 0x00, 0x00, 0x00, 0x00, 0x00, 0x00, 0x00,
  0x00, 0x00, 0x00, 0x00, 0x00, 0x00, 0x00, 0x00, 0x00, 0x00, 0x00, 0x00, 0x00, 0x00, 0x00, 0x00,
  0x00, 0x00, 0x00, 0x00, 0x00, 0x00, 0x00, 0x00, 0x00, 0x00, 0x00, 0x00, 0x00, 0x00, 0x00, 0x00,
  0x00, 0x00, 0x00, 0x00, 0x00, 0x00, 0x00, 0x00, 0x00, 0x00, 0x00, 0x00, 0x00, 0x00, 0x00, 0x00,
  0x00, 0x00, 0x00, 0x00, 0x00, 0x00, 0x00, 0x00, 0x00, 0x00, 0x00, 0x20, 0x03, 0x80, 0x00, 0x00,
  0x00, 0x70, 0x03, 0x80, 0x00, 0x00, 0x00, 0x70, 0x03, 0x80, 0x00, 0x00, 0x00, 0x70, 0x03, 0x80,
  0x00, 0x00, 0x00, 0x60, 0x03, 0x80, 0x00, 0x00, 0x00, 0xE0, 0x03, 0x80, 0x00, 0x00, 0x00, 0xE0,
  0x03, 0x80, 0x00, 0x00, 0x01, 0xC0, 0x03, 0x80, 0x00, 0x00, 0x01, 0xC0, 0x03, 0x80, 0x00, 0x00,
  0x03, 0x8F, 0xFF, 0xFF, 0xE0, 0x00, 0x03, 0x8F, 0xFF, 0xFF, 0xE0, 0x00, 0x07, 0x88, 0x0F, 0xC0,
  0x00, 0x00, 0x0F, 0x80, 0x0F, 0xC0, 0x00, 0x00, 0x1F, 0x80, 0x0F, 0xC0, 0x00, 0x00, 0x3F, 0x80,
  0x1F, 0xE0, 0x00, 0x00, 0x7B, 0x80, 0x1F, 0xE0, 0x00, 0x00, 0xF3, 0x80, 0x1F, 0xE0, 0x00, 0x00,
  0x63, 0x80, 0x3B, 0xF0, 0x00, 0x00, 0x03, 0x80, 0x3B, 0xB0, 0x00, 0x00, 0x03, 0x80, 0x73, 0xB8,
  0x00, 0x00, 0x03, 0x80, 0xF3, 0x9C, 0x00, 0x00, 0x03, 0x80, 0xE3, 0x8E, 0x00, 0x00, 0x03, 0x81,
  0xC3, 0x8E, 0x00, 0x00, 0x03, 0x83, 0xC3, 0x87, 0x00, 0x00, 0x03, 0x87, 0x83, 0x83, 0xC0, 0x00,
  0x03, 0x87, 0x03, 0x81, 0xE0, 0x00, 0x03, 0x8F, 0x03, 0x80, 0xF0, 0x00, 0x03, 0x9E, 0x03, 0x80,
  0x70, 0x00, 0x03, 0xBC, 0x03, 0x80, 0x20, 0x00, 0x03, 0x98, 0x03, 0x80, 0x00, 0x00, 0x03, 0x80,
  0x03, 0x80, 0x00, 0x00, 0x03, 0x80, 0x03, 0x80, 0x00, 0x00, 0x03, 0x80, 0x03, 0x80, 0x00, 0x00,
  0x03, 0x80, 0x03, 0x80, 0x00, 0x00, 0x03, 0x80, 0x02, 0x80, 0x00, 0x00, 0x00, 0x00, 0x00, 0x00,
  0x00, 0x00, 0x00, 0x00, 0x00, 0x00, 0x00, 0x00, 0x00, 0x00, 0x00, 0x00, 0x00, 0x00, 0x00, 0x00,
  0x00, 0x00, 0x00, 0x00, 0x00, 0x00, 0x00, 0x00, 0x00, 0x00, 0x00, 0x00, 0x00, 0x00, 0x00, 0x00,
  0x00, 0x00, 0x00, 0x00, 0x00, 0x00, 0x00, 0x00, 0x00, 0x00, 0x00, 0x00, 0x00, 0x00, 0x00, 0x00,
  0x00, 0x00, 0x00, 0x00, 0x00, 0x00, 0x00, 0x00, 0x00, 0x00, 0x00, 0x00, 0x00, 0x00, 0x00, 0x00,
  0x00, 0x00, 0x00, 0x00, 0x00, 0x00, 0x00, 0x00, 0x00, 0x00, 0x00, 0x40, 0x0E, 0x00, 0x00, 0x00,
  0x00, 0x60, 0x0F, 0x00, 0x00, 0x00, 0x00, 0xE0, 0x07, 0x80, 0x00, 0x00, 0x00, 0xEF, 0xFF, 0xFF,
  0xE0, 0x00, 0x00, 0xEF, 0xFF, 0xFF, 0xE0, 0x00, 0x00, 0xC0, 0x00, 0x00, 0x00, 0x00, 0x01, 0xC0,
  0x00, 0x00, 0x00, 0x00, 0x01, 0x81, 0xFF, 0xFF, 0x00, 0x00, 0x03, 0x81, 0xFF, 0xFF, 0x00, 0x00,
  0x03, 0x00, 0xC0, 0x06, 0x00, 0x00, 0x07, 0x00, 0xC0, 0x06, 0x00, 0x00, 0x07, 0x00, 0xC0, 0x06,
  0x00, 0x00, 0x0F, 0x00, 0xFF, 0xFE, 0x00, 0x00, 0x1F, 0x01, 0xFF, 0xFF, 0x00, 0x00, 0x3F, 0x00,
  0x00, 0x00, 0x00, 0x00, 0x7B, 0x00, 0x00, 0x00, 0x00, 0x00, 0xF3, 0x1F, 0xFF, 0xFF, 0xF0, 0x00,
  0x63, 0x1F, 0xFF, 0xFF, 0xF0, 0x00, 0x03, 0x18, 0x00, 0x00, 0x70, 0x00, 0x03, 0x18, 0x00, 0x00,
  0x70, 0x00, 0x03, 0x18, 0x00, 0x00, 0x70, 0x00, 0x03, 0x19, 0xFF, 0xFF, 0xF0, 0x00, 0x03, 0x01,
  0xFF, 0xFF, 0x80, 0x00, 0x03, 0x00, 0x01, 0xC0, 0x00, 0x00, 0x03, 0x00, 0x01, 0xC0, 0x00, 0x00,
  0x03, 0x00, 0x01, 0xC0, 0x00, 0x00, 0x03, 0x00, 0x01, 0xC0, 0x00, 0x00, 0x03, 0x00, 0x01, 0xC0,
  0x00, 0x00, 0x03, 0x00, 0x01, 0xC0, 0x00, 0x00, 0x03, 0x00, 0x01, 0xC0, 0x00, 0x00, 0x03, 0x00,
  0x01, 0xC0, 0x00, 0x00, 0x03, 0x00, 0x01, 0xC0, 0x00, 0x00, 0x03, 0x00, 0x1F, 0xC0, 0x00, 0x00,
  0x03, 0x00, 0x1F, 0x80, 0x00, 0x00, 0x03, 0x00, 0x1E, 0x00, 0x00, 0x00, 0x00, 0x00, 0x00, 0x00,
  0x00, 0x00, 0x00, 0x00, 0x00, 0x00, 0x00, 0x00, 0x00, 0x00, 0x00, 0x00, 0x00, 0x00, 0x00, 0x00,
  0x00, 0x00, 0x00, 0x00, 0x00, 0x00, 0x00, 0x00, 0x00, 0x00, 0x00, 0x00, 0x00, 0x00, 0x00, 0x00,
  0x00, 0x00, 0x00, 0x00, 0x00, 0x00, 0x00, 0x00, 0x00, 0x00, 0x00, 0x00, 0x00, 0x00, 0x00, 0x00,
  0x00, 0x00, 0x00, 0x00, 0x00, 0x00, 0x00, 0x00, 0x00, 0x00, 0x00, 0x00, 0x00, 0x00, 0x00, 0x00,
  0x00, 0x00, 0x00, 0x00, 0x00, 0x00, 0xE0, 0x00, 0x00, 0x00, 0x00, 0x00, 0xE0, 0x00, 0x00, 0x00,
  0x00, 0x00, 0xE0, 0x00, 0x00, 0x00, 0x00, 0x00, 0xE0, 0x00, 0x00, 0x00, 0x00, 0x00, 0xE0, 0x00,
  0x00, 0x00, 0x00, 0x00, 0xE0, 0x00, 0x00, 0x00, 0x00, 0x00, 0xE0, 0x00, 0x00, 0x00, 0x00, 0x00,
  0xE0, 0x00, 0x00, 0x00, 0x1F, 0xFF, 0xFF, 0xFF, 0x00, 0x00, 0x1F, 0xFF, 0xFF, 0xFF, 0x00, 0x00,
  0x1F, 0xFF, 0xFF, 0xFF, 0x00, 0x00, 0x00, 0x00, 0xE0, 0x07, 0x00, 0x00, 0x00, 0x00, 0xE0, 0x07,
  0x00, 0x00, 0x00, 0x00, 0xE0, 0x07, 0x00, 0x00, 0x00, 0x00, 0xE0, 0x07, 0x00, 0x00, 0x00, 0x00,
  0xE0, 0x07, 0x00, 0x00, 0x00, 0x00, 0xE0, 0x07, 0x00, 0x00, 0x00, 0x00, 0xE0, 0x07, 0x00, 0x00,
  0x00, 0x01, 0xC0, 0x07, 0x00, 0x00, 0x00, 0x01, 0xC0, 0x07, 0x00, 0x00, 0x00, 0x01, 0xC0, 0x07,
  0x00, 0x00, 0x00, 0x03, 0xC0, 0x07, 0x00, 0x00, 0x00, 0x03, 0x80, 0x07, 0x00, 0x00, 0x00, 0x03,
  0x80, 0x07, 0x00, 0x00, 0x00, 0x07, 0x00, 0x07, 0x00, 0x00, 0x00, 0x0F, 0x00, 0x07, 0x00, 0x00,
  0x00, 0x0E, 0x00, 0x07, 0x00, 0x00, 0x00, 0x1C, 0x00, 0x07, 0x00, 0x00, 0x00, 0x3C, 0x00, 0x07,
  0x00, 0x00, 0x00, 0x78, 0x00, 0x07, 0x00, 0x00, 0x01, 0xF0, 0x00, 0x07, 0x00, 0x00, 0x03, 0xE0,
  0x00, 0x7F, 0x00, 0x00, 0x0F, 0xC0, 0x00, 0x7E, 0x00, 0x00, 0x3F, 0x00, 0x00, 0x7C, 0x00, 0x00,
  0x1E, 0x00, 0x00, 0x00, 0x00, 0x00, 0x00, 0x00, 0x00, 0x00, 0x00, 0x00, 0x00, 0x00, 0x00, 0x00,
  0x00, 0x00, 0x00, 0x00, 0x00, 0x00, 0x00, 0x00, 0x00, 0x00, 0x00, 0x00, 0x00, 0x00, 0x00, 0x00,
  0x00, 0x00, 0x00, 0x00, 0x00, 0x00, 0x00, 0x00, 0x00, 0x00, 0x00, 0x00, 0x00, 0x00, 0x00, 0x00,
  0x00, 0x00, 0x00, 0x00, 0x00, 0x00, 0x00, 0x00, 0x00, 0x00, 0x00, 0x00, 0x00, 0x00, 0x00, 0x00,
  0x00, 0x00, 0x00, 0x00, 0x00, 0x00, 0x00, 0x00, 0x00, 0x00, 0x00, 0x00, 0x00, 0x00, 0x00, 0x00,
  0x00, 0x00, 0x00, 0x00, 0x00, 0x02, 0x00, 0x00, 0x00, 0x00, 0x00, 0x07, 0x00, 0x00, 0x00, 0x00,
  0x00, 0x07, 0x00, 0x00, 0x00, 0x00, 0x00, 0x0F, 0x00, 0x00, 0x00, 0x00, 0x00, 0x1F, 0xFF, 0xF0,
  0x00, 0x00, 0x00, 0x3F, 0xFF, 0xF0, 0x00, 0x00, 0x00, 0x3C, 0x01, 0xE0, 0x00, 0x00, 0x00, 0x7E,
  0x03, 0xC0, 0x00, 0x00, 0x00, 0xFF, 0x03, 0x80, 0x00, 0x00, 0x03, 0xE7, 0x87, 0x80, 0x00, 0x00,
  0x07, 0xC3, 0xCF, 0x00, 0x00, 0x00, 0x0F, 0x01, 0xFE, 0x00, 0x00, 0x00, 0x0E, 0x00, 0xFC, 0x00,
  0x00, 0x00, 0x04, 0x00, 0xFC, 0x00, 0x00, 0x00, 0x00, 0x03, 0xFE, 0x00, 0x00, 0x00, 0x00, 0x07,
  0xCF, 0xC0, 0x00, 0x00, 0x00, 0x3F, 0x03, 0xF0, 0x00, 0x00, 0x00, 0xFE, 0xA0, 0xFF, 0x00, 0x00,
  0x3F, 0xF8, 0xE0, 0x3F, 0xF0, 0x00, 0x3F, 0xC0, 0xE0, 0x0F, 0xE0, 0x00, 0x3F, 0xFF, 0xFF, 0xE0,
  0xE0, 0x00, 0x01, 0xFF, 0xFF, 0xE0, 0x00, 0x00, 0x01, 0xFF, 0xFF, 0xE0, 0x00, 0x00, 0x00, 0x01,
  0xC0, 0xE0, 0x00, 0x00, 0x00, 0x03, 0x80, 0xE0, 0x00, 0x00, 0x00, 0x03, 0x80, 0xE0, 0x00, 0x00,
  0x00, 0x07, 0x80, 0xE0, 0x00, 0x00, 0x00, 0x07, 0x00, 0xE0, 0x00, 0x00, 0x00, 0x0E, 0x00, 0xE0,
  0x00, 0x00, 0x00, 0x1E, 0x00, 0xE0, 0x00, 0x00, 0x00, 0x3C, 0x00, 0xE0, 0x00, 0x00, 0x00, 0xF8,
  0x00, 0xE0, 0x00, 0x00, 0x03, 0xF0, 0x00, 0xE0, 0x00, 0x00, 0x0F, 0xE0, 0x0F, 0xE0, 0x00, 0x00,
  0x03, 0x80, 0x0F, 0xC0, 0x00, 0x00, 0x00, 0x00, 0x0F, 0x00, 0x00, 0x00, 0x00, 0x00, 0x00, 0x00,
  0x00, 0x00, 0x00, 0x00, 0x00, 0x00, 0x00, 0x00, 0x00, 0x00, 0x00, 0x00, 0x00, 0x00, 0x00, 0x00,
  0x00, 0x00, 0x00, 0x00, 0x00, 0x00, 0x00, 0x00, 0x00, 0x00, 0x00, 0x00, 0x00, 0x00, 0x00, 0x00,
  0x00, 0x00, 0x00, 0x00, 0x00, 0x00, 0x00, 0x00, 0x00, 0x00, 0x00, 0x00, 0x00, 0x00, 0x00, 0x00,
  0x00, 0x00, 0x00, 0x00, 0x00, 0x00, 0x00, 0x00, 0x00, 0x00, 0x00, 0x00, 0x00, 0x00, 0x00, 0x00,
  0x00, 0x00, 0x00, 0x00, 0x00, 0x01, 0xC0, 0x00, 0x00, 0x00, 0x00, 0x00, 0xC0, 0x00, 0x00, 0x00,
  0x00, 0x00, 0xC0, 0x00, 0x00, 0x00, 0x00, 0x00, 0xC0, 0x00, 0x00, 0x00, 0x00, 0x00, 0xC0, 0x00,
  0x00, 0x00, 0x00, 0x00, 0xFF, 0xFF, 0x00, 0x00, 0x00, 0x00, 0xFF, 0xFF, 0x00, 0x00, 0x00, 0x00,
  0xFF, 0xFF, 0x00, 0x00, 0x00, 0x00, 0xC0, 0x00, 0x00, 0x00, 0x00, 0x00, 0xC0, 0x00, 0x00, 0x00,
  0x00, 0x00, 0xC0, 0x00, 0x00, 0x00, 0x00, 0x00, 0xC0, 0x00, 0x00, 0x00, 0x00, 0x00, 0xC0, 0x00,
  0x00, 0x00, 0x00, 0x00, 0xC0, 0x00, 0x00, 0x00, 0x7F, 0xFF, 0xFF, 0xFF, 0xF0, 0x00, 0x7F, 0xFF,
  0xFF, 0xFF, 0xF0, 0x00, 0x00, 0x00, 0xC0, 0x00, 0x00, 0x00, 0x00, 0x00, 0xC0, 0x00, 0x00, 0x00,
  0x00, 0x00, 0xD0, 0x00, 0x00, 0x00, 0x00, 0x00, 0xDC, 0x00, 0x00, 0x00, 0x00, 0x00, 0xFF, 0x00,
  0x00, 0x00, 0x00, 0x00, 0xDF, 0xC0, 0x00, 0x00, 0x00, 0x00, 0xC7, 0xE0, 0x00, 0x00, 0x00, 0x00,
  0xC1, 0xF8, 0x00, 0x00, 0x00, 0x00, 0xC0, 0x7E, 0x00, 0x00, 0x00, 0x00, 0xC0, 0x3F, 0x00, 0x00,
  0x00, 0x00, 0xC0, 0x0F, 0x80, 0x00, 0x00, 0x00, 0xC0, 0x03, 0x00, 0x00, 0x00, 0x00, 0xC0, 0x00,
  0x00, 0x00, 0x00, 0x00, 0xC0, 0x00, 0x00, 0x00, 0x00, 0x00, 0xC0, 0x00, 0x00, 0x00, 0x00, 0x00,
  0xC0, 0x00, 0x00, 0x00, 0x00, 0x00, 0xC0, 0x00, 0x00, 0x00, 0x00, 0x00, 0xC0, 0x00, 0x00, 0x00,
  0x00, 0x01, 0xC0, 0x00, 0x00, 0x00, 0x00, 0x01, 0x00, 0x00, 0x00, 0x00, 0x00, 0x00, 0x00, 0x00,
  0x00, 0x00, 0x00, 0x00, 0x00, 0x00, 0x00, 0x00, 0x00, 0x00, 0x00, 0x00, 0x00, 0x00, 0x00, 0x00,
  0x00, 0x00, 0x00, 0x00, 0x00, 0x00, 0x00, 0x00, 0x00, 0x00, 0x00, 0x00, 0x00, 0x00, 0x00, 0x00,
  0x00, 0x00, 0x00, 0x00, 0x00, 0x00, 0x00, 0x00, 0x00, 0x00, 0x00, 0x00, 0x00, 0x00, 0x00, 0x00,
  0x00, 0x00, 0x00, 0x00, 0x00, 0x00, 0x00, 0x00, 0x00, 0x00, 0x00, 0x00, 0x00, 0x00, 0x00, 0x00,
  0x00, 0x00, 0x00, 0x00, 0x00, 0x00, 0x70, 0x00, 0x00, 0x00, 0x00, 0x00, 0x70, 0x00, 0x00, 0x00,
  0x00, 0x00, 0x70, 0x00, 0x00, 0x00, 0x0F, 0xFF, 0xFF, 0xFF, 0xC0, 0x00, 0x0F, 0xFF, 0xFF, 0xFF,
  0xC0, 0x00, 0x00, 0x00, 0x70, 0x00, 0x00, 0x00, 0x00, 0x00, 0x70, 0x00, 0x00, 0x00, 0x00, 0x00,
  0x70, 0x00, 0x00, 0x00, 0x00, 0x00, 0x70, 0x00, 0x00, 0x00, 0x00, 0xFF, 0xFF, 0xFC, 0x00, 0x00,
  0x00, 0xFF, 0xFF, 0xFC, 0x00, 0x00, 0x00, 0x00, 0x00, 0x00, 0x00, 0x00, 0x00, 0x00, 0x00, 0x00,
  0x00, 0x00, 0x00, 0x00, 0x00, 0x00, 0x00, 0x00, 0x7F, 0xFF, 0xFF, 0xFF, 0xF0, 0x00, 0x7F, 0xFF,
  0xFF, 0xFF, 0xF0, 0x00, 0x70, 0x00, 0x00, 0x00, 0x70, 0x00, 0x70, 0x00, 0x00, 0x00, 0x70, 0x00,
  0x70, 0x00, 0x00, 0x00, 0x70, 0x00, 0x70, 0x07, 0xFF, 0x80, 0x70, 0x00, 0x00, 0x0F, 0xFF, 0x80,
  0x00, 0x00, 0x00, 0x0F, 0xFF, 0x80, 0x00, 0x00, 0x00, 0x0E, 0x03, 0x80, 0x00, 0x00, 0x00, 0x0E,
  0x03, 0x80, 0x00, 0x00, 0x00, 0x0E, 0x03, 0x80, 0x00, 0x00, 0x00, 0x0C, 0x03, 0x80, 0x00, 0x00,
  0x00, 0x1C, 0x03, 0x80, 0x20, 0x00, 0x00, 0x1C, 0x03, 0x80, 0x30, 0x00, 0x00, 0x38, 0x03, 0x80,
  0x30, 0x00, 0x00, 0x78, 0x03, 0x80, 0x30, 0x00, 0x00, 0x70, 0x03, 0x80, 0x70, 0x00, 0x01, 0xE0,
  0x03, 0x80, 0x70, 0x00, 0x07, 0xE0, 0x03, 0x80, 0x70, 0x00, 0x1F, 0xC0, 0x03, 0xFF, 0xE0, 0x00,
  0x07, 0x00, 0x01, 0xFF, 0xE0, 0x00, 0x00, 0x00, 0x00, 0x00, 0x00, 0x00, 0x00, 0x00, 0x00, 0x00,
  0x00, 0x00, 0x00, 0x00, 0x00, 0x00, 0x00, 0x00, 0x00, 0x00, 0x00, 0x00, 0x00, 0x00, 0x00, 0x00,
  0x00, 0x00, 0x00, 0x00, 0x00, 0x00, 0x00, 0x00, 0x00, 0x00, 0x00, 0x00, 0x00, 0x00, 0x00, 0x00,
  0x00, 0x00, 0x00, 0x00, 0x00, 0x00, 0x00, 0x00, 0x00, 0x00, 0x00, 0x00, 0x00, 0x00, 0x00, 0x00,
  0x00, 0x00, 0x00, 0x00, 0x00, 0x00, 0x00, 0x00, 0x00, 0x00, 0x00, 0x00, 0x00, 0x00, 0x00, 0x00,
  0x00, 0x00, 0x00, 0x00, 0x00, 0x00, 0x00, 0x00, 0x00, 0x00, 0x00, 0x38, 0x00, 0x00, 0x00, 0x00,
  0x00, 0x78, 0x00, 0x00, 0x00, 0x00, 0x00, 0x70, 0x00, 0x00, 0x80, 0x00, 0x00, 0xFF, 0xFF, 0xFF,
  0x80, 0x00, 0x00, 0xE0, 0x00, 0x00, 0x80, 0x00, 0x01, 0xC0, 0x00, 0x00, 0x00, 0x00, 0x03, 0xFF,
  0xFF, 0xF8, 0x00, 0x00, 0x07, 0xBF, 0xFF, 0xF8, 0x00, 0x00, 0x0F, 0x30, 0x00, 0x18, 0x00, 0x00,
  0x1E, 0x30, 0x00, 0x18, 0x00, 0x00, 0x7C, 0x30, 0x00, 0x18, 0x00, 0x00, 0x30, 0x3F, 0xFF, 0xF8,
  0x00, 0x00, 0x20, 0x3F, 0xFF, 0xF8, 0x00, 0x00, 0x00, 0x30, 0x00, 0x18, 0x00, 0x00, 0x00, 0x30,
  0x00, 0x18, 0x00, 0x00, 0x00, 0x3F, 0xFF, 0xF8, 0x00, 0x00, 0x00, 0x3F, 0xFF, 0xF8, 0x00, 0x00,
  0x00, 0x00, 0x00, 0x00, 0x00, 0x00, 0x00, 0x06, 0x00, 0x00, 0x00, 0x00, 0x00, 0x0F, 0x00, 0x00,
  0x00, 0x00, 0x00, 0x1F, 0xFF, 0xF8, 0x00, 0x00, 0x00, 0x1F, 0xFF, 0xF8, 0x00, 0x00, 0x00, 0x3E,
  0x00, 0xF0, 0x00, 0x00, 0x00, 0x77, 0x01, 0xE0, 0x00, 0x00, 0x01, 0xE3, 0xC3, 0xC0, 0x00, 0x00,
  0x03, 0xC1, 0xE7, 0x80, 0x00, 0x00, 0x03, 0x80, 0xFF, 0x00, 0x00, 0x00, 0x01, 0x00, 0x3E, 0x00,
  0x00, 0x00, 0x00, 0x00, 0x7F, 0x00, 0x00, 0x00, 0x00, 0x01, 0xF7, 0xC0, 0x00, 0x00, 0x00, 0x07,
  0xE3, 0xF0, 0x00, 0x00, 0x00, 0xFF, 0x80, 0xFF, 0x00, 0x00, 0x1F, 0xFC, 0x00, 0x3F, 0xF0, 0x00,
  0x0F, 0xE0, 0x00, 0x07, 0xE0, 0x00, 0x00, 0x00, 0x00, 0x00, 0x60, 0x00, 0x00, 0x00, 0x00, 0x00,
  0x00, 0x00, 0x00, 0x00, 0x00, 0x00, 0x00, 0x00, 0x00, 0x00, 0x00, 0x00, 0x00, 0x00, 0x00, 0x00,
  0x00, 0x00, 0x00, 0x00, 0x00, 0x00, 0x00, 0x00, 0x00, 0x00, 0x00, 0x00, 0x00, 0x00, 0x00, 0x00,
  0x00, 0x00, 0x00, 0x00, 0x00, 0x00, 0x00, 0x00, 0x00, 0x00, 0x00, 0x00, 0x00, 0x00, 0x00, 0x00,
  0x00, 0x00, 0x00, 0x00, 0x00, 0x00, 0x00, 0x00, 0x00, 0x00, 0x00, 0x00, 0x00, 0x00, 0x00, 0x00,
  0x00, 0x00, 0x00, 0x00, 0x01, 0x00, 0x80, 0x00, 0x00, 0x00, 0x03, 0x03, 0xC0, 0x78, 0x00, 0x00,
  0x03, 0x81, 0xC0, 0x70, 0x00, 0x00, 0x03, 0xC1, 0xE0, 0x70, 0x00, 0x00, 0x01, 0xE0, 0xE0, 0xE0,
  0x00, 0x00, 0x00, 0xE0, 0xE1, 0xE0, 0x00, 0x00, 0x00, 0xF0, 0x71, 0xC0, 0x00, 0x00, 0x00, 0x78,
  0x73, 0x80, 0x00, 0x00, 0x00, 0x30, 0x03, 0x80, 0x00, 0x00, 0x7F, 0xFF, 0xFF, 0xFF, 0xE0, 0x00,
  0x7F, 0xFF, 0xFF, 0xFF, 0xE0, 0x00, 0x70, 0x00, 0x00, 0x00, 0x60, 0x00, 0x70, 0x00, 0x00, 0x00,
  0x60, 0x00, 0x70, 0x00, 0x00, 0x00, 0x60, 0x00, 0x70, 0x00, 0x00, 0x00, 0x60, 0x00, 0x71, 0xFF,
  0xFF, 0xE0, 0x60, 0x00, 0x01, 0xFF, 0xFF, 0xE0, 0x00, 0x00, 0x00, 0x00, 0x03, 0xE0, 0x00, 0x00,
  0x00, 0x00, 0x0F, 0x80, 0x00, 0x00, 0x00, 0x00, 0x1E, 0x00, 0x00, 0x00, 0x00, 0x00, 0x3C, 0x00,
  0x00, 0x00, 0x00, 0x00, 0x78, 0x00, 0x00, 0x00, 0x00, 0x00, 0x70, 0x00, 0x00, 0x00, 0x7F, 0xFF,
  0xFF, 0xFF, 0xF0, 0x00, 0x7F, 0xFF, 0xFF, 0xFF, 0xF0, 0x00, 0x00, 0x00, 0x70, 0x00, 0x00, 0x00,
  0x00, 0x00, 0x70, 0x00, 0x00, 0x00, 0x00, 0x00, 0x70, 0x00, 0x00, 0x00, 0x00, 0x00, 0x70, 0x00,
  0x00, 0x00, 0x00, 0x00, 0x70, 0x00, 0x00, 0x00, 0x00, 0x00, 0x70, 0x00, 0x00, 0x00, 0x00, 0x00,
  0x70, 0x00, 0x00, 0x00, 0x00, 0x00, 0x70, 0x00, 0x00, 0x00, 0x00, 0x07, 0xE0, 0x00, 0x00, 0x00,
  0x00, 0x07, 0xE0, 0x00, 0x00, 0x00, 0x00, 0x07, 0x80, 0x00, 0x00, 0x00, 0x00, 0x00, 0x00, 0x00,
  0x00, 0x00, 0x00, 0x00, 0x00, 0x00, 0x00, 0x00, 0x00, 0x00, 0x00, 0x00, 0x00, 0x00, 0x00, 0x00,
  0x00, 0x00, 0x00, 0x00, 0x00, 0x00, 0x00, 0x00, 0x00, 0x00, 0x00, 0x00, 0x00, 0x00, 0x00, 0x00,
  0x00, 0x00, 0x00, 0x00, 0x00, 0x00, 0x00, 0x00, 0x00, 0x00, 0x00, 0x00, 0x00, 0x00, 0x00, 0x00,
  0x00, 0x00, 0x00, 0x00, 0x00, 0x00, 0x00, 0x00, 0x00, 0x00, 0x00, 0x00, 0x00, 0x00, 0x00, 0x00,
  0x00, 0x00, 0x00, 0x00, 0x00, 0x00, 0x00, 0x00, 0x00, 0x00, 0x00, 0x00, 0x00, 0x00, 0x00, 0x00,
  0x0F, 0xFF, 0xFF, 0xFE, 0x00, 0x00, 0x0F, 0xFF, 0xFF, 0xFE, 0x00, 0x00, 0x00, 0x00, 0x00, 0x0E,
  0x00, 0x00, 0x00, 0x00, 0x00, 0x0E, 0x00, 0x00, 0x00, 0x00, 0x00, 0x0E, 0x00, 0x00, 0x00, 0x00,
  0x00, 0x0E, 0x00, 0x00, 0x00, 0x00, 0x00, 0x0E, 0x00, 0x00, 0x00, 0x00, 0x00, 0x0E, 0x00, 0x00,
  0x0E, 0x00, 0x00, 0x0E, 0x00, 0x00, 0x0E, 0x00, 0x00, 0x0E, 0x00, 0x00, 0x0E, 0x00, 0x00, 0x0E,
  0x00, 0x00, 0x0E, 0x00, 0x00, 0x0E, 0x00, 0x00, 0x0E, 0x00, 0x00, 0x0E, 0x00, 0x00, 0x0F, 0xFF,
  0xFF, 0xFE, 0x00, 0x00, 0x0F, 0xFF, 0xFF, 0xFE, 0x00, 0x00, 0x0E, 0x00, 0x00, 0x0E, 0x00, 0x00,
  0x0E, 0x00, 0x00, 0x0E, 0x00, 0x00, 0x0E, 0x00, 0x00, 0x00, 0x00, 0x00, 0x0E, 0x00, 0x00, 0x00,
  0x00, 0x00, 0x0E, 0x00, 0x00, 0x00, 0x00, 0x00, 0x0E, 0x00, 0x00, 0x00, 0x00, 0x00, 0x0E, 0x00,
  0x00, 0x00, 0x00, 0x00, 0x0E, 0x00, 0x00, 0x00, 0x00, 0x00, 0x0E, 0x00, 0x00, 0x00, 0x70, 0x00,
  0x0E, 0x00, 0x00, 0x00, 0x70, 0x00, 0x0E, 0x00, 0x00, 0x00, 0x60, 0x00, 0x0E, 0x00, 0x00, 0x00,
  0x60, 0x00, 0x0E, 0x00, 0x00, 0x00, 0xE0, 0x00, 0x0E, 0x00, 0x00, 0x00, 0xE0, 0x00, 0x0E, 0x00,
  0x00, 0x00, 0xE0, 0x00, 0x0F, 0x00, 0x00, 0x03, 0xE0, 0x00, 0x07, 0xFF, 0xFF, 0xFF, 0xC0, 0x00,
  0x03, 0xFF, 0xFF, 0xFF, 0xC0, 0x00, 0x00, 0x00, 0x00, 0x00, 0x00, 0x00, 0x00, 0x00, 0x00, 0x00,
  0x00, 0x00, 0x00, 0x00, 0x00, 0x00, 0x00, 0x00, 0x00, 0x00, 0x00, 0x00, 0x00, 0x00, 0x00, 0x00,
  0x00, 0x00, 0x00, 0x00, 0x00, 0x00, 0x00, 0x00, 0x00, 0x00, 0x00, 0x00, 0x00, 0x00, 0x00, 0x00,
  0x00, 0x00, 0x00, 0x00, 0x00, 0x00, 0x00, 0x00, 0x00, 0x00, 0x00, 0x00, 0x00, 0x00, 0x00, 0x00,
  0x00, 0x00, 0x00, 0x00, 0x00, 0x00, 0x00, 0x00, 0x00, 0x00, 0x00, 0x00, 0x00, 0x00, 0x00, 0x00,
  0x00, 0x00, 0x00, 0x00, 0x00, 0x00, 0x00, 0x00, 0x00, 0x00, 0x00, 0x00, 0x00, 0x00, 0x00, 0x00,
  0x1F, 0xFF, 0xFF, 0xFF, 0xC0, 0x00, 0x1F, 0xFF, 0xFF, 0xFF, 0xC0, 0x00, 0x00, 0x00, 0x70, 0x00,
  0x00, 0x00, 0x00, 0x00, 0x70, 0x00, 0x00, 0x00, 0x01, 0x00, 0x70, 0x0C, 0x00, 0x00, 0x03, 0x80,
  0x70, 0x0E, 0x00, 0x00, 0x03, 0xC0, 0x70, 0x1C, 0x00, 0x00, 0x01, 0xC0, 0x70, 0x3C, 0x00, 0x00,
  0x01, 0xE0, 0x70, 0x38, 0x00, 0x00, 0x00, 0xE0, 0x70, 0x78, 0x00, 0x00, 0x00, 0x70, 0x70, 0x70,
  0x00, 0x00, 0x00, 0x78, 0x70, 0xE0, 0x00, 0x00, 0x00, 0x38, 0x71, 0xE0, 0x00, 0x00, 0x00, 0x30,
  0x71, 0xC0, 0x00, 0x00, 0x00, 0x00, 0x70, 0x80, 0x00, 0x00, 0x00, 0x00, 0x70, 0x00, 0x00, 0x00,
  0x7F, 0xFF, 0xFF, 0xFF, 0xF0, 0x00, 0x7F, 0xFF, 0xFF, 0xFF, 0xF0, 0x00, 0x00, 0x00, 0x70, 0x00,
  0x00, 0x00, 0x00, 0x00, 0x70, 0x00, 0x00, 0x00, 0x00, 0x00, 0x70, 0x00, 0x00, 0x00, 0x00, 0x00,
  0x70, 0x00, 0x00, 0x00, 0x00, 0x00, 0x70, 0x00, 0x00, 0x00, 0x00, 0x00, 0x70, 0x00, 0x00, 0x00,
  0x00, 0x00, 0x70, 0x00, 0x00, 0x00, 0x00, 0x00, 0x70, 0x00, 0x00, 0x00, 0x00, 0x00, 0x70, 0x00,
  0x00, 0x00, 0x00, 0x00, 0x70, 0x00, 0x00, 0x00, 0x00, 0x00, 0x70, 0x00, 0x00, 0x00, 0x00, 0x00,
  0x70, 0x00, 0x00, 0x00, 0x00, 0x00, 0x70, 0x00, 0x00, 0x00, 0x00, 0x00, 0x70, 0x00, 0x00, 0x00,
  0x00, 0x00, 0x70, 0x00, 0x00, 0x00, 0x00, 0x00, 0x70, 0x00, 0x00, 0x00, 0x00, 0x00, 0x00, 0x00,
  0x00, 0x00, 0x00, 0x00, 0x00, 0x00, 0x00, 0x00, 0x00, 0x00, 0x00, 0x00, 0x00, 0x00, 0x00, 0x00,
  0x00, 0x00, 0x00, 0x00, 0x00, 0x00, 0x00, 0x00, 0x00, 0x00, 0x00, 0x00, 0x00, 0x00, 0x00, 0x00,
  0x00, 0x00, 0x00, 0x00, 0x00, 0x00, 0x00, 0x00, 0x00, 0x00, 0x00, 0x00, 0x00, 0x00, 0x00, 0x00,
  0x00, 0x00, 0x00, 0x00, 0x00, 0x00, 0x00, 0x00, 0x00, 0x00, 0x00, 0x00, 0x00, 0x00, 0x00, 0x00,
  0x18, 0x00, 0x00, 0x00, 0x00, 0x00, 0x3C, 0x00, 0x00, 0x00, 0x00, 0x00, 0x1E, 0x00, 0x00, 0x00,
  0x00, 0x00, 0x0C, 0x00, 0x00, 0x00, 0x03, 0xFF, 0xFF, 0xFF, 0xF0, 0x00, 0x03, 0xFF, 0xFF, 0xFF,
  0xF0, 0x00, 0x03, 0x81, 0x40, 0x00, 0x00, 0x00, 0x03, 0x81, 0xC0, 0x38, 0x00, 0x00, 0x03, 0x81,
  0xC0, 0x38, 0x00, 0x00, 0x03, 0x81, 0xC0, 0x38, 0x00, 0x00, 0x03, 0xE1, 0xC0, 0x38, 0x10, 0x00,
  0x03, 0xFF, 0xFF, 0xFF, 0xF0, 0x00, 0x03, 0xC1, 0xC0, 0x30, 0x00, 0x00, 0x03, 0x81, 0xC0, 0x30,
  0x00, 0x00, 0x03, 0x81, 0xC0, 0x30, 0x00, 0x00, 0x03, 0x81, 0xC0, 0x30, 0x00, 0x00, 0x03, 0x81,
  0xC0, 0x30, 0x00, 0x00, 0x03, 0x81, 0xFF, 0xF0, 0x00, 0x00, 0x03, 0x80, 0x00, 0x00, 0x00, 0x00,
  0x03, 0x80, 0x00, 0x00, 0x00, 0x00, 0x03, 0x80, 0x00, 0x00, 0x00, 0x00, 0x03, 0x9F, 0xFF, 0xFE,
  0x00, 0x00, 0x03, 0x9F, 0xFF, 0xFE, 0x00, 0x00, 0x03, 0x81, 0x80, 0x1C, 0x00, 0x00, 0x03, 0x81,
  0xC0, 0x38, 0x00, 0x00, 0x03, 0x80, 0xE0, 0x38, 0x00, 0x00, 0x03, 0x00, 0x60, 0x70, 0x00, 0x00,
  0x03, 0x00, 0x70, 0xE0, 0x00, 0x00, 0x07, 0x00, 0x39, 0xE0, 0x00, 0x00, 0x07, 0x00, 0x1F, 0xC0,
  0x00, 0x00, 0x06, 0x00, 0x0F, 0x80, 0x00, 0x00, 0x0E, 0x00, 0x3F, 0xC0, 0x00, 0x00, 0x0E, 0x00,
  0xFD, 0xF0, 0x00, 0x00, 0x1C, 0x0F, 0xF0, 0xFF, 0xF0, 0x00, 0x38, 0xFF, 0xC0, 0x3F, 0xE0, 0x00,
  0x10, 0x7E, 0x00, 0x07, 0xE0, 0x00, 0x00, 0x00, 0x00, 0x00, 0x00, 0x00, 0x00, 0x00, 0x00, 0x00,
  0x00, 0x00, 0x00, 0x00, 0x00, 0x00, 0x00, 0x00, 0x00, 0x00, 0x00, 0x00, 0x00, 0x00, 0x00, 0x00,
  0x00, 0x00, 0x00, 0x00, 0x00, 0x00, 0x00, 0x00, 0x00, 0x00, 0x00, 0x00, 0x00, 0x00, 0x00, 0x00,
  0x00, 0x00, 0x00, 0x00, 0x00, 0x00, 0x00, 0x00, 0x00, 0x00, 0x00, 0x00, 0x00, 0x00, 0x00, 0x00,
  0x00, 0x00, 0x00, 0x00, 0x00, 0x00, 0x00, 0x00, 0x00, 0x00, 0x00, 0x00, 0x00, 0x00, 0x00, 0x00,
  0x00, 0x00, 0x00, 0x00, 0x07, 0x00, 0x00, 0x00, 0x00, 0x00, 0x07, 0x00, 0x1C, 0x00, 0x00, 0x00,
  0x07, 0x00, 0x38, 0x00, 0x00, 0x00, 0x07, 0x00, 0x38, 0x00, 0x00, 0x00, 0x07, 0x00, 0x38, 0x00,
  0x00, 0x00, 0x07, 0x00, 0x38, 0x00, 0x00, 0x00, 0x07, 0x00, 0x38, 0x00, 0x00, 0x00, 0x07, 0x0F,
  0xFF, 0xFF, 0xE0, 0x00, 0x07, 0xCF, 0xFF, 0xFF, 0xE0, 0x00, 0x27, 0xC0, 0x70, 0x00, 0x00, 0x00,
  0x77, 0xE0, 0x71, 0xC0, 0x00, 0x00, 0x77, 0xF0, 0xE1, 0xC0, 0x00, 0x00, 0x77, 0x78, 0xE1, 0xC0,
  0x00, 0x00, 0xE7, 0x38, 0xE1, 0xC0, 0x00, 0x00, 0xE7, 0x11, 0xC1, 0xC0, 0x00, 0x00, 0xE7, 0x01,
  0xD1, 0xC1, 0x80, 0x00, 0xC7, 0x01, 0x99, 0xC3, 0x80, 0x00, 0x47, 0x03, 0xB9, 0xC7, 0x80, 0x00,
  0x07, 0x03, 0xB9, 0xC7, 0x00, 0x00, 0x07, 0x07, 0x39, 0xCE, 0x00, 0x00, 0x07, 0x07, 0x71, 0xDE,
  0x00, 0x00, 0x07, 0x0E, 0x71, 0xFC, 0x00, 0x00, 0x07, 0x1E, 0xE3, 0xF8, 0x00, 0x00, 0x07, 0x1C,
  0xE3, 0xE0, 0x00, 0x00, 0x07, 0x38, 0x03, 0x70, 0x00, 0x00, 0x07, 0x78, 0x07, 0x70, 0x00, 0x00,
  0x07, 0x70, 0x07, 0x38, 0x00, 0x00, 0x07, 0x00, 0x0E, 0x18, 0x00, 0x00, 0x07, 0x00, 0x1E, 0x1C,
  0x00, 0x00, 0x07, 0x00, 0x3C, 0x0E, 0x00, 0x00, 0x07, 0x00, 0x38, 0x07, 0x00, 0x00, 0x07, 0x00,
  0xF0, 0x07, 0x80, 0x00, 0x07, 0x01, 0xE0, 0x03, 0xC0, 0x00, 0x07, 0x07, 0xC0, 0x01, 0xF0, 0x00,
  0x07, 0x1F, 0x80, 0x00, 0xF0, 0x00, 0x07, 0x06, 0x00, 0x00, 0x20, 0x00, 0x00, 0x00, 0x00, 0x00,
  0x00, 0x00, 0x00, 0x00, 0x00, 0x00, 0x00, 0x00, 0x00, 0x00, 0x00, 0x00, 0x00, 0x00, 0x00, 0x00,
  0x00, 0x00, 0x00, 0x00, 0x00, 0x00, 0x00, 0x00, 0x00, 0x00, 0x00, 0x00, 0x00, 0x00, 0x00, 0x00,
  0x00, 0x00, 0x00, 0x00, 0x00, 0x00, 0x00, 0x00, 0x00, 0x00, 0x00, 0x00, 0x00, 0x00, 0x00, 0x00,
  0x00, 0x00, 0x00, 0x00, 0x00, 0x00, 0x00, 0x00, 0x00, 0x00, 0x00, 0x00, 0x00, 0x00, 0x00, 0x00,
  0x00, 0x00, 0x00, 0x00, 0x00, 0x00, 0x80, 0x00, 0x00, 0x00, 0x00, 0x01, 0xE0, 0x00, 0x00, 0x00,
  0x00, 0x03, 0xC0, 0x00, 0x00, 0x00, 0x01, 0xFF, 0xFF, 0xFE, 0x00, 0x00, 0x01, 0xFF, 0xFF, 0xFE,
  0x00, 0x00, 0x01, 0xC0, 0x00, 0x0E, 0x00, 0x00, 0x01, 0xC0, 0x00, 0x0E, 0x00, 0x00, 0x01, 0xC0,
  0x00, 0x0E, 0x00, 0x00, 0x01, 0xC0, 0x00, 0x0E, 0x00, 0x00, 0x01, 0xFF, 0xFF, 0xFE, 0x00, 0x00,
  0x01, 0xFF, 0xFF, 0xFE, 0x00, 0x00, 0x01, 0xC0, 0x00, 0x0E, 0x00, 0x00, 0x01, 0xC0, 0x00, 0x0E,
  0x00, 0x00, 0x01, 0xC0, 0x00, 0x0E, 0x00, 0x00, 0x01, 0xC0, 0x00, 0x0E, 0x00, 0x00, 0x01, 0xFF,
  0xFF, 0xFE, 0x00, 0x00, 0x01, 0xC0, 0x00, 0x0E, 0x00, 0x00, 0x01, 0xC0, 0x00, 0x0E, 0x00, 0x00,
  0x01, 0xC0, 0x00, 0x0E, 0x00, 0x00, 0x01, 0xC0, 0x00, 0x0E, 0x00, 0x00, 0x01, 0xFF, 0xFF, 0xFE,
  0x00, 0x00, 0x01, 0xFF, 0xFF, 0xFE, 0x00, 0x00, 0x00, 0x00, 0x00, 0x00, 0x00, 0x00, 0x00, 0x00,
  0x20, 0x00, 0x00, 0x00, 0x00, 0x38, 0x70, 0x00, 0x00, 0x00, 0x00, 0x30, 0x78, 0x00, 0x00, 0x00,
  0x0C, 0x30, 0x3C, 0x00, 0x00, 0x00, 0x1C, 0x30, 0x1E, 0x01, 0x80, 0x00, 0x1C, 0x30, 0x0E, 0x03,
  0xC0, 0x00, 0x38, 0x30, 0x00, 0x09, 0xC0, 0x00, 0x38, 0x30, 0x00, 0x0E, 0xE0, 0x00, 0x70, 0x30,
  0x00, 0x0C, 0xF0, 0x00, 0x70, 0x30, 0x00, 0x0C, 0x78, 0x00, 0xE0, 0x38, 0x00, 0x1C, 0x30, 0x00,
  0x60, 0x3F, 0xFF, 0xFC, 0x00, 0x00, 0x00, 0x1F, 0xFF, 0xF8, 0x00, 0x00, 0x00, 0x00, 0x00, 0x00,
  0x00, 0x00, 0x00, 0x00, 0x00, 0x00, 0x00, 0x00, 0x00, 0x00, 0x00, 0x00, 0x00, 0x00, 0x00, 0x00,
  0x00, 0x00, 0x00, 0x00, 0x00, 0x00, 0x00, 0x00, 0x00, 0x00, 0x00, 0x00, 0x00, 0x00, 0x00, 0x00,
  0x00, 0x00, 0x00, 0x00, 0x00, 0x00, 0x00, 0x00, 0x00, 0x00, 0x00, 0x00, 0x00, 0x00, 0x00, 0x00,
  0x00, 0x00, 0x00, 0x00, 0x00, 0x00, 0x00, 0x00, 0x00, 0x00, 0x00, 0x00, 0x00, 0x00, 0x00, 0x00,
  0x00, 0x00, 0x00, 0x00, 0x00, 0x00, 0x07, 0x10, 0x00, 0x00, 0x00, 0x00, 0x07, 0x38, 0x00, 0x00,
  0x00, 0x00, 0x07, 0x3C, 0x00, 0x00, 0x00, 0x00, 0x07, 0x1E, 0x00, 0x00, 0x00, 0x00, 0x07, 0x0F,
  0x00, 0x00, 0x00, 0x00, 0x07, 0x0F, 0x00, 0x00, 0x00, 0x00, 0x07, 0x06, 0x00, 0x00, 0x00, 0x00,
  0x07, 0x00, 0x30, 0x00, 0x03, 0xFF, 0xFF, 0xFF, 0xF0, 0x00, 0x03, 0xFF, 0xFF, 0xFF, 0xF0, 0x00,
  0x03, 0x80, 0x07, 0x00, 0x00, 0x00, 0x03, 0x80, 0x07, 0x00, 0x00, 0x00, 0x03, 0x80, 0x07, 0x03,
  0x80, 0x00, 0x03, 0x80, 0x03, 0x03, 0x80, 0x00, 0x03, 0x80, 0x03, 0x03, 0x80, 0x00, 0x03, 0xFF,
  0xC3, 0x07, 0x80, 0x00, 0x03, 0xFF, 0xC3, 0x87, 0x00, 0x00, 0x03, 0x81, 0xC3, 0x87, 0x00, 0x00,
  0x03, 0x81, 0xC3, 0x8E, 0x00, 0x00, 0x03, 0x81, 0xC3, 0x8E, 0x00, 0x00, 0x03, 0x81, 0xC1, 0x9C,
  0x00, 0x00, 0x03, 0x81, 0xC1, 0xDC, 0x00, 0x00, 0x03, 0x81, 0xC1, 0xF8, 0x00, 0x00, 0x03, 0x81,
  0xC0, 0xF8, 0x00, 0x00, 0x03, 0x01, 0xC0, 0xF0, 0x00, 0x00, 0x07, 0x01, 0xC0, 0xF0, 0x00, 0x00,
  0x07, 0x01, 0xC1, 0xF0, 0x70, 0x00, 0x07, 0x01, 0xC3, 0xF8, 0x70, 0x00, 0x0E, 0x1F, 0x8F, 0xBC,
  0x70, 0x00, 0x0E, 0x1F, 0x9F, 0x1E, 0x70, 0x00, 0x1C, 0x1E, 0x7C, 0x0F, 0x70, 0x00, 0x3C, 0x01,
  0xF8, 0x07, 0xF0, 0x00, 0x78, 0x03, 0xF0, 0x03, 0xF0, 0x00, 0x10, 0x01, 0xC0, 0x01, 0xF0, 0x00,
  0x00, 0x01, 0x00, 0x00, 0xF0, 0x00, 0x00, 0x00, 0x00, 0x00, 0x20, 0x00, 0x00, 0x00, 0x00, 0x00,
  0x00, 0x00, 0x00, 0x00, 0x00, 0x00, 0x00, 0x00, 0x00, 0x00, 0x00, 0x00, 0x00, 0x00, 0x00, 0x00,
  0x00, 0x00, 0x00, 0x00, 0x00, 0x00, 0x00, 0x00, 0x00, 0x00, 0x00, 0x00, 0x00, 0x00, 0x00, 0x00,
  0x00, 0x00, 0x00, 0x00, 0x00, 0x00, 0x00, 0x00, 0x00, 0x00, 0x00, 0x00, 0x00, 0x00, 0x00, 0x00,
  0x00, 0x00, 0x00, 0x00, 0x00, 0x00, 0x00, 0x00, 0x00, 0x00, 0x00, 0x00, 0x00, 0x00, 0x00, 0x00,
  0x00, 0x00, 0x00, 0x00, 0x00, 0x60, 0x00, 0x00, 0x00, 0x00, 0x00, 0x70, 0x00, 0x00, 0x80, 0x00,
  0x00, 0xF0, 0x00, 0x07, 0xC0, 0x00, 0x00, 0xE0, 0x07, 0xFF, 0xC0, 0x00, 0x7F, 0xFF, 0xF7, 0xF8,
  0x00, 0x00, 0x01, 0xC0, 0x07, 0x00, 0x00, 0x00, 0x03, 0x80, 0x07, 0x00, 0x00, 0x00, 0x03, 0x1C,
  0x07, 0x00, 0x00, 0x00, 0x07, 0x1C, 0x07, 0x00, 0x00, 0x00, 0x06, 0x18, 0x07, 0xFF, 0xF0, 0x00,
  0x0F, 0xFF, 0xE7, 0xFF, 0xF0, 0x00, 0x00, 0x18, 0x07, 0x06, 0x00, 0x00, 0x00, 0x18, 0x07, 0x06,
  0x00, 0x00, 0x00, 0x1B, 0xF7, 0x06, 0x00, 0x00, 0x3F, 0xFF, 0x87, 0x06, 0x00, 0x00, 0x3F, 0xF8,
  0x06, 0x06, 0x00, 0x00, 0x3C, 0x18, 0x0E, 0x06, 0x00, 0x00, 0x00, 0x18, 0x1C, 0x06, 0x00, 0x00,
  0x00, 0x1C, 0x3C, 0x07, 0x00, 0x00, 0x00, 0x1C, 0xF8, 0x00, 0x00, 0x00, 0x00, 0x00, 0x70, 0x00,
  0x00, 0x00, 0x00, 0x00, 0x40, 0x00, 0x00, 0x00, 0x01, 0xFF, 0xFF, 0xFC, 0x00, 0x00, 0x01, 0xFF,
  0xFF, 0xFC, 0x00, 0x00, 0x01, 0xC0, 0x00, 0x1C, 0x00, 0x00, 0x01, 0xC0, 0x00, 0x1C, 0x00, 0x00,
  0x01, 0xC0, 0x00, 0x1C, 0x00, 0x00, 0x01, 0xFF, 0xFF, 0xFC, 0x00, 0x00, 0x01, 0xFF, 0xFF, 0xFC,
  0x00, 0x00, 0x01, 0xC0, 0x00, 0x1C, 0x00, 0x00, 0x01, 0xC0, 0x00, 0x1C, 0x00, 0x00, 0x01, 0xC0,
  0x00, 0x1C, 0x00, 0x00, 0x01, 0xC0, 0x00, 0x1C, 0x00, 0x00, 0x01, 0xFF, 0xFF, 0xFC, 0x00, 0x00,
  0x01, 0xC0, 0x00, 0x1C, 0x00, 0x00, 0x01, 0xC0, 0x00, 0x1C, 0x00, 0x00, 0x00, 0x00, 0x00, 0x00,
  0x00, 0x00, 0x00, 0x00, 0x00, 0x00, 0x00, 0x00, 0x00, 0x00, 0x00, 0x00, 0x00, 0x00, 0x00, 0x00,
  0x00, 0x00, 0x00, 0x00, 0x00, 0x00, 0x00, 0x00, 0x00, 0x00, 0x00, 0x00, 0x00, 0x00, 0x00, 0x00,
  0x00, 0x00, 0x00, 0x00, 0x00, 0x00, 0x00, 0x00, 0x00, 0x00, 0x00, 0x00, 0x00, 0x00, 0x00, 0x00,
  0x00, 0x00, 0x00, 0x00, 0x00, 0x00, 0x00, 0x00, 0x00, 0x00, 0x00, 0x00, 0x00, 0x00, 0x00, 0x00,
  0x0C, 0x00, 0x00, 0x00, 0x00, 0x00, 0x1C, 0x00, 0x00, 0x00, 0x06, 0x00, 0x0E, 0x00, 0x00, 0x00,
  0x0F, 0x00, 0x0F, 0x00, 0x00, 0x00, 0x07, 0x80, 0x07, 0x80, 0x00, 0x00, 0x03, 0xC0, 0x03, 0x80,
  0x00, 0x00, 0x01, 0xE0, 0x01, 0xC0, 0x00, 0x00, 0x00, 0xE0, 0x01, 0x00, 0x00, 0x00, 0x00, 0x40,
  0x00, 0x00, 0x00, 0x00, 0x00, 0x0F, 0xFF, 0xFF, 0xE0, 0x00, 0x30, 0x0F, 0xFF, 0xFF, 0xE0, 0x00,
  0x78, 0x00, 0x03, 0x80, 0x00, 0x00, 0x7C, 0x00, 0x03, 0x80, 0x00, 0x00, 0x3E, 0x00, 0x03, 0x80,
  0x00, 0x00, 0x0F, 0x00, 0x03, 0x80, 0x00, 0x00, 0x07, 0x20, 0x03, 0x80, 0x00, 0x00, 0x02, 0x30,
  0x03, 0x80, 0x00, 0x00, 0x00, 0x60, 0x03, 0x80, 0x00, 0x00, 0x00, 0x60, 0x03, 0x80, 0x00, 0x00,
  0x00, 0x60, 0x03, 0x80, 0x00, 0x00, 0x00, 0xC3, 0xFF, 0xFF, 0xC0, 0x00, 0x00, 0xC3, 0xFF, 0xFF,
  0xC0, 0x00, 0x00, 0xC0, 0x03, 0x80, 0x00, 0x00, 0x01, 0x80, 0x03, 0x80, 0x00, 0x00, 0x01, 0x80,
  0x03, 0x80, 0x00, 0x00, 0x03, 0x80, 0x03, 0x80, 0x00, 0x00, 0x03, 0x00, 0x03, 0x80, 0x00, 0x00,
  0x03, 0x00, 0x03, 0x80, 0x00, 0x00, 0x07, 0x00, 0x03, 0x80, 0x00, 0x00, 0x07, 0x00, 0x03, 0x80,
  0x00, 0x00, 0x0E, 0x00, 0x03, 0x80, 0x00, 0x00, 0x0E, 0x00, 0x03, 0x80, 0x00, 0x00, 0x1E, 0x00,
  0x03, 0x80, 0x00, 0x00, 0x1C, 0x1F, 0xFF, 0xFF, 0xF8, 0x00, 0x3C, 0x1F, 0xFF, 0xFF, 0xF8, 0x00,
  0x1C, 0x00, 0x00, 0x00, 0x00, 0x00, 0x00, 0x00, 0x00, 0x00, 0x00, 0x00, 0x00, 0x00, 0x00, 0x00,
  0x00, 0x00, 0x00, 0x00, 0x00, 0x00, 0x00, 0x00, 0x00, 0x00, 0x00, 0x00, 0x00, 0x00, 0x00, 0x00,
  0x00, 0x00, 0x00, 0x00, 0x00, 0x00, 0x00, 0x00, 0x00, 0x00, 0x00, 0x00, 0x00, 0x00, 0x00, 0x00,
  0x00, 0x00, 0x00, 0x00, 0x00, 0x00, 0x00, 0x00, 0x00, 0x00, 0x00, 0x00, 0x00, 0x00, 0x00, 0x00,
  0x00, 0x00, 0x00, 0x00, 0x00, 0x00, 0x00, 0x00, 0x00, 0x00, 0x00, 0x00, 0x00, 0x00, 0x00, 0x00,
  0x00, 0x00, 0x00, 0x00, 0x00, 0x00, 0x00, 0x00, 0x00, 0x00, 0x0C, 0x00, 0x03, 0x80, 0x00, 0x00,
  0x1E, 0x00, 0x03, 0x80, 0x00, 0x00, 0x0F, 0x00, 0x03, 0x80, 0x00, 0x00, 0x07, 0x00, 0x03, 0x83,
  0x00, 0x00, 0x03, 0x80, 0x73, 0x8F, 0x00, 0x00, 0x01, 0x80, 0xE3, 0x9F, 0x00, 0x00, 0x01, 0x00,
  0xE3, 0xFC, 0x00, 0x00, 0x00, 0x01, 0xC3, 0xF0, 0x00, 0x00, 0x20, 0x01, 0xC3, 0xC0, 0x00, 0x00,
  0x70, 0x03, 0x87, 0x80, 0x00, 0x00, 0x78, 0x07, 0x87, 0xE0, 0x00, 0x00, 0x3C, 0x01, 0x0F, 0xF8,
  0x00, 0x00, 0x1E, 0x00, 0x1E, 0x7C, 0x00, 0x00, 0x0E, 0x80, 0x3C, 0x1F, 0x00, 0x00, 0x04, 0xC0,
  0x78, 0x0F, 0xC0, 0x00, 0x00, 0x81, 0xF0, 0x03, 0xE0, 0x00, 0x01, 0x81, 0xE3, 0x80, 0xE0, 0x00,
  0x01, 0x80, 0xC3, 0x80, 0x40, 0x00, 0x01, 0x80, 0x03, 0x80, 0x00, 0x00, 0x01, 0x00, 0x03, 0x80,
  0x80, 0x00, 0x03, 0x01, 0x83, 0x81, 0xC0, 0x00, 0x03, 0x03, 0xC3, 0x83, 0xC0, 0x00, 0x03, 0x03,
  0x83, 0x8F, 0x80, 0x00, 0x06, 0x07, 0x03, 0xFE, 0x00, 0x00, 0x06, 0x07, 0x07, 0xFC, 0x00, 0x00,
  0x06, 0x0E, 0x07, 0xF0, 0x00, 0x00, 0x0E, 0x0E, 0x0E, 0x70, 0x00, 0x00, 0x0C, 0x04, 0x0E, 0x38,
  0x00, 0x00, 0x0C, 0x00, 0x1C, 0x38, 0x00, 0x00, 0x1C, 0x00, 0x38, 0x1C, 0x00, 0x00, 0x1C, 0x00,
  0x78, 0x0F, 0x00, 0x00, 0x38, 0x01, 0xF0, 0x07, 0x80, 0x00, 0x38, 0x1F, 0xE0, 0x03, 0xC0, 0x00,
  0x38, 0x0F, 0x80, 0x01, 0xF0, 0x00, 0x00, 0x06, 0x00, 0x00, 0x60, 0x00, 0x00, 0x00, 0x00, 0x00,
  0x20, 0x00, 0x00, 0x00, 0x00, 0x00, 0x00, 0x00, 0x00, 0x00, 0x00, 0x00, 0x00, 0x00, 0x00, 0x00,
  0x00, 0x00, 0x00, 0x00, 0x00, 0x00, 0x00, 0x00, 0x00, 0x00, 0x00, 0x00, 0x00, 0x00, 0x00, 0x00,
  0x00, 0x00, 0x00, 0x00, 0x00, 0x00, 0x00, 0x00, 0x00, 0x00, 0x00, 0x00, 0x00, 0x00, 0x00, 0x00,
  0x00, 0x00, 0x00, 0x00, 0x00, 0x00, 0x00, 0x00, 0x00, 0x00, 0x00, 0x00, 0x00, 0x00, 0x00, 0x00,
  0x00, 0x00, 0x00, 0x00, 0x00, 0x00, 0x00, 0x00, 0x00, 0x00, 0x0C, 0x00, 0x00, 0x00, 0x00, 0x00,
  0x1E, 0x07, 0xFF, 0xFF, 0xE0, 0x00, 0x0F, 0x07, 0xFF, 0xFF, 0xE0, 0x00, 0x07, 0x86, 0x00, 0x00,
  0xE0, 0x00, 0x03, 0xC6, 0x00, 0x00, 0xE0, 0x00, 0x01, 0xC6, 0x00, 0x00, 0xE0, 0x00, 0x00, 0x86,
  0x30, 0x10, 0xE0, 0x00, 0x00, 0x06, 0x38, 0x38, 0xE0, 0x00, 0x20, 0x00, 0x78, 0x3C, 0x00, 0x00,
  0x70, 0x00, 0x70, 0x1E, 0x00, 0x00, 0x78, 0x00, 0xE0, 0x0F, 0x00, 0x00, 0x3C, 0x01, 0xE0, 0x07,
  0x80, 0x00, 0x1E, 0x03, 0xC2, 0x83, 0xC0, 0x00, 0x0E, 0x47, 0x83, 0x81, 0xC0, 0x00, 0x04, 0x67,
  0x03, 0x80, 0x80, 0x00, 0x00, 0x42, 0x03, 0x80, 0x00, 0x00, 0x00, 0xC0, 0x03, 0x80, 0x00, 0x00,
  0x00, 0xC0, 0x03, 0x80, 0x00, 0x00, 0x00, 0x87, 0xFF, 0xFF, 0xF0, 0x00, 0x01, 0x80, 0x07, 0xC0,
  0x00, 0x00, 0x01, 0x80, 0x0F, 0xE0, 0x00, 0x00, 0x01, 0x80, 0x1F, 0xE0, 0x00, 0x00, 0x03, 0x00,
  0x1F, 0xF0, 0x00, 0x00, 0x03, 0x00, 0x3B, 0xB8, 0x00, 0x00, 0x03, 0x00, 0x7B, 0x9C, 0x00, 0x00,
  0x06, 0x00, 0x73, 0x9E, 0x00, 0x00, 0x06, 0x00, 0xE3, 0x8F, 0x00, 0x00, 0x0E, 0x03, 0xC3, 0x87,
  0x80, 0x00, 0x0E, 0x07, 0x83, 0x83, 0xE0, 0x00, 0x1C, 0x1F, 0x03, 0x80, 0xF0, 0x00, 0x1C, 0x3C,
  0x03, 0x80, 0x60, 0x00, 0x1C, 0x18, 0x03, 0x80, 0x00, 0x00, 0x3C, 0x00, 0x03, 0x80, 0x00, 0x00,
  0x18, 0x00, 0x03, 0x80, 0x00, 0x00, 0x00, 0x00, 0x03, 0x80, 0x00, 0x00, 0x00, 0x00, 0x00, 0x00,
  0x00, 0x00, 0x00, 0x00, 0x00, 0x00, 0x00, 0x00, 0x00, 0x00, 0x00, 0x00, 0x00, 0x00, 0x00, 0x00,
  0x00, 0x00, 0x00, 0x00, 0x00, 0x00, 0x00, 0x00, 0x00, 0x00, 0x00, 0x00, 0x00, 0x00, 0x00, 0x00,
  0x00, 0x00, 0x00, 0x00, 0x00, 0x00, 0x00, 0x00, 0x00, 0x00, 0x00, 0x00, 0x00, 0x00, 0x00, 0x00,
  0x00, 0x00, 0x00, 0x00, 0x00, 0x00, 0x00, 0x00, 0x00, 0x00, 0x00, 0x00, 0x00, 0x00, 0x00, 0x00,
  0x00, 0x00, 0x00, 0x00, 0x00, 0xE0, 0x00, 0x00, 0x00, 0x00, 0x00, 0xE0, 0x00, 0x00, 0x00, 0x00,
  0x00, 0xE0, 0x00, 0x00, 0x00, 0x00, 0x00, 0xE0, 0x3F, 0xFF, 0x00, 0x00, 0x00, 0xE0, 0x3F, 0xFF,
  0x80, 0x00, 0x00, 0xE0, 0x00, 0x1F, 0x00, 0x00, 0x00, 0xE0, 0x00, 0x3C, 0x00, 0x00, 0x3F, 0xFF,
  0x00, 0x78, 0x00, 0x00, 0x3F, 0xFF, 0x00, 0xF0, 0x00, 0x00, 0x38, 0xE7, 0x01, 0xE0, 0x00, 0x00,
  0x38, 0xE7, 0x07, 0x80, 0x00, 0x00, 0x38, 0xE7, 0x0F, 0x00, 0x00, 0x00, 0x38, 0xE7, 0x1E, 0x00,
  0x00, 0x00, 0x38, 0xE7, 0x3C, 0x00, 0x00, 0x00, 0x3F, 0xFF, 0x7F, 0xFF, 0xE0, 0x00, 0x3F, 0xFF,
  0x7F, 0xFF, 0xE0, 0x00, 0x38, 0xE7, 0x31, 0xC7, 0x60, 0x00, 0x38, 0xE7, 0x01, 0xCE, 0x60, 0x00,
  0x38, 0xE7, 0x03, 0x8E, 0x60, 0x00, 0x38, 0xE7, 0x03, 0x8E, 0x60, 0x00, 0x38, 0xE7, 0x07, 0x1C,
  0x60, 0x00, 0x3F, 0xFF, 0x07, 0x1C, 0x60, 0x00, 0x3F, 0xFF, 0x0E, 0x38, 0x60, 0x00, 0x38, 0xE7,
  0x1C, 0x38, 0x60, 0x00, 0x00, 0xE0, 0x38, 0x70, 0x60, 0x00, 0x00, 0xE0, 0xF8, 0x70, 0x60, 0x00,
  0x00, 0xE3, 0xF0, 0xE0, 0x60, 0x00, 0x00, 0xEF, 0xC1, 0xC0, 0x60, 0x00, 0x00, 0xEF, 0x83, 0x80,
  0x60, 0x00, 0x00, 0xE6, 0x0F, 0x80, 0x60, 0x00, 0x00, 0xE0, 0x1E, 0x00, 0x60, 0x00, 0x00, 0xE0,
  0x7C, 0x00, 0xE0, 0x00, 0x00, 0xE3, 0xF8, 0x0F, 0xE0, 0x00, 0x00, 0xE7, 0xE0, 0x0F, 0xC0, 0x00,
  0x00, 0xE7, 0x80, 0x07, 0x80, 0x00, 0x00, 0xA2, 0x00, 0x00, 0x00, 0x00, 0x00, 0x00, 0x00, 0x00,
  0x00, 0x00, 0x00, 0x00, 0x00, 0x00, 0x00, 0x00, 0x00, 0x00, 0x00, 0x00, 0x00, 0x00, 0x00, 0x00,
  0x00, 0x00, 0x00, 0x00, 0x00, 0x00, 0x00, 0x00, 0x00, 0x00, 0x00, 0x00, 0x00, 0x00, 0x00, 0x00,
  0x00, 0x00, 0x00, 0x00, 0x00, 0x00, 0x00, 0x00, 0x00, 0x00, 0x00, 0x00, 0x00, 0x00, 0x00, 0x00,
  0x00, 0x00, 0x00, 0x00, 0x00, 0x00, 0x00, 0x00, 0x00, 0x00, 0x00, 0x00, 0x00, 0x00, 0x00, 0x00,
  0x00, 0x00, 0x00, 0x00, 0x00, 0x00, 0x00, 0x00, 0x00, 0x00, 0x06, 0x00, 0x3F, 0xFF, 0x80, 0x00,
  0x0F, 0x00, 0x30, 0x01, 0x80, 0x00, 0x07, 0x00, 0x30, 0x01, 0x80, 0x00, 0x07, 0x80, 0x30, 0x01,
  0x80, 0x00, 0x03, 0x80, 0x30, 0x01, 0x80, 0x00, 0x03, 0xC0, 0x3F, 0xFF, 0x80, 0x00, 0x01, 0xC0,
  0x3F, 0xFF, 0x80, 0x00, 0x01, 0x00, 0x30, 0x03, 0x80, 0x00, 0xFF, 0xFE, 0x30, 0x03, 0x80, 0x00,
  0xFF, 0xFE, 0x30, 0x03, 0x80, 0x00, 0x00, 0x00, 0x3F, 0xFF, 0x80, 0x00, 0x00, 0x00, 0x3F, 0xFF,
  0x80, 0x00, 0x70, 0x38, 0x1C, 0x00, 0x00, 0x00, 0x70, 0x38, 0x3C, 0x00, 0x00, 0x00, 0x38, 0x78,
  0x38, 0x00, 0x00, 0x00, 0x38, 0x70, 0x7F, 0xFF, 0xF0, 0x00, 0x38, 0x70, 0xFF, 0xFF, 0xF0, 0x00,
  0x1C, 0x71, 0xE0, 0x60, 0x70, 0x00, 0x1C, 0x73, 0xF0, 0xE0, 0x70, 0x00, 0x1C, 0xE7, 0xF0, 0xE0,
  0x70, 0x00, 0x0E, 0xE3, 0x71, 0xE0, 0x70, 0x00, 0x0E, 0xE0, 0x71, 0xF0, 0x70, 0x00, 0x0E, 0xE0,
  0x73, 0xFC, 0x70, 0x00, 0x08, 0xC0, 0x77, 0x3E, 0x70, 0x00, 0x01, 0xC0, 0x7E, 0x0E, 0x70, 0x00,
  0x00, 0x3C, 0x7C, 0x04, 0x70, 0x00, 0x03, 0xF0, 0x78, 0x00, 0x70, 0x00, 0xFF, 0x80, 0x7F, 0xFE,
  0x70, 0x00, 0x7C, 0x00, 0x7F, 0xFE, 0x70, 0x00, 0x60, 0x00, 0x00, 0x00, 0x70, 0x00, 0x00, 0x00,
  0x00, 0x00, 0x70, 0x00, 0x00, 0x00, 0x00, 0x00, 0x70, 0x00, 0x00, 0x00, 0x00, 0x07, 0xE0, 0x00,
  0x00, 0x00, 0x00, 0x03, 0xE0, 0x00, 0x00, 0x00, 0x00, 0x07, 0x00, 0x00, 0x00, 0x00, 0x00, 0x00,
  0x00, 0x00, 0x00, 0x00, 0x00, 0x00, 0x00, 0x00, 0x00, 0x00, 0x00, 0x00, 0x00, 0x00, 0x00, 0x00,
  0x00, 0x00, 0x00, 0x00, 0x00, 0x00, 0x00, 0x00, 0x00, 0x00, 0x00, 0x00, 0x00, 0x00, 0x00, 0x00,
  0x00, 0x00, 0x00, 0x00, 0x00, 0x00, 0x00, 0x00, 0x00, 0x00, 0x00, 0x00, 0x00, 0x00, 0x00, 0x00,
  0x00, 0x00, 0x00, 0x00, 0x00, 0x00, 0x00, 0x00, 0x00, 0x00, 0x00, 0x00, 0x00, 0x00, 0x00, 0x00,
  0x00, 0x00, 0x00, 0x00, 0x00, 0x00, 0x00, 0x70, 0x00, 0x00, 0x00, 0x00, 0x00, 0x30, 0x00, 0x00,
  0x00, 0xE0, 0x00, 0x30, 0x00, 0x00, 0x00, 0xE0, 0x00, 0x30, 0x00, 0x00, 0x00, 0xE0, 0x3F, 0xFF,
  0xF0, 0x00, 0x08, 0xE7, 0x3F, 0xFF, 0xF0, 0x00, 0x38, 0xE7, 0x00, 0x30, 0x00, 0x00, 0x1C, 0xE7,
  0x00, 0x30, 0x00, 0x00, 0x1C, 0xE6, 0x00, 0x30, 0x00, 0x00, 0x0E, 0xEE, 0x1F, 0xFF, 0xC0, 0x00,
  0x0E, 0xEE, 0x10, 0x30, 0x40, 0x00, 0x07, 0xFC, 0x00, 0x30, 0x00, 0x00, 0x04, 0xF8, 0x00, 0x30,
  0x00, 0x00, 0x00, 0xE8, 0x60, 0x30, 0x18, 0x00, 0x3F, 0xFF, 0x7F, 0xFF, 0xF8, 0x00, 0x3F, 0xFF,
  0x00, 0x00, 0x00, 0x00, 0x01, 0xE0, 0x00, 0x00, 0x00, 0x00, 0x01, 0xE0, 0x1F, 0xFF, 0xC0, 0x00,
  0x03, 0xF0, 0x1F, 0xFF, 0xC0, 0x00, 0x03, 0xF8, 0x1C, 0x00, 0xC0, 0x00, 0x03, 0xFC, 0x1C, 0x00,
  0xC0, 0x00, 0x07, 0xFC, 0x1C, 0x00, 0xC0, 0x00, 0x07, 0xEE, 0x1F, 0xFF, 0xC0, 0x00, 0x0E, 0xEE,
  0x1F, 0xFF, 0xC0, 0x00, 0x0E, 0xE6, 0x1C, 0x00, 0xC0, 0x00, 0x1C, 0xE0, 0x1C, 0x00, 0xC0, 0x00,
  0x18, 0xE0, 0x1C, 0x00, 0xC0, 0x00, 0x38, 0xE0, 0x1F, 0xFF, 0xC0, 0x00, 0x70, 0xE0, 0x1F, 0xFF,
  0xC0, 0x00, 0x70, 0xE0, 0x1C, 0x00, 0xC0, 0x00, 0x60, 0xE0, 0x1C, 0x00, 0xC0, 0x00, 0x00, 0xE0,
  0x1C, 0x00, 0xC0, 0x00, 0x00, 0xE0, 0x1C, 0x00, 0xC0, 0x00, 0x00, 0xE0, 0x1C, 0x0F, 0xC0, 0x00,
  0x00, 0xE0, 0x1C, 0x07, 0x80, 0x00, 0x00, 0xE0, 0x00, 0x06, 0x00, 0x00, 0x00, 0x00, 0x00, 0x00,
  0x00, 0x00, 0x00, 0x00, 0x00, 0x00, 0x00, 0x00, 0x00, 0x00, 0x00, 0x00, 0x00, 0x00, 0x00, 0x00,
  0x00, 0x00, 0x00, 0x00, 0x00, 0x00, 0x00, 0x00, 0x00, 0x00, 0x00, 0x00, 0x00, 0x00, 0x00, 0x00,
  0x00, 0x00, 0x00, 0x00, 0x00, 0x00, 0x00, 0x00, 0x00, 0x00, 0x00, 0x00, 0x00, 0x00, 0x00, 0x00,
  0x00, 0x00, 0x00, 0x00, 0x00, 0x00, 0x00, 0x00, 0x00, 0x00, 0x00, 0x00, 0x00, 0x00, 0x00, 0x00,
  0x00, 0x00, 0x00, 0x00, 0x00, 0x20, 0x00, 0x06, 0x00, 0x00, 0x00, 0xE0, 0x00, 0x0F, 0x00, 0x00,
  0x00, 0xE0, 0x00, 0x3E, 0x00, 0x00, 0x00, 0xE0, 0x00, 0xFC, 0x00, 0x00, 0x00, 0xE0, 0x07, 0xF0,
  0x00, 0x00, 0x3F, 0xFF, 0xBF, 0xC0, 0x00, 0x00, 0x3F, 0xFF, 0x9F, 0xC0, 0x00, 0x00, 0x00, 0xC0,
  0x01, 0xC0, 0x00, 0x00, 0x00, 0xC0, 0x01, 0xC0, 0x00, 0x00, 0x00, 0xC0, 0x01, 0xC0, 0x00, 0x00,
  0x00, 0xC0, 0x01, 0xC0, 0x00, 0x00, 0x1F, 0xFE, 0x01, 0xDF, 0x00, 0x00, 0x1F, 0xFE, 0x03, 0xFF,
  0x00, 0x00, 0x00, 0xC0, 0x3F, 0xE0, 0x00, 0x00, 0x00, 0xC0, 0x39, 0xC0, 0x00, 0x00, 0x00, 0xC0,
  0x01, 0xC0, 0x00, 0x00, 0x00, 0xC0, 0x01, 0xC0, 0x00, 0x00, 0x7F, 0xFF, 0x81, 0xC0, 0x00, 0x00,
  0x60, 0xC1, 0x81, 0xC0, 0x00, 0x00, 0x01, 0xF0, 0x01, 0xC1, 0xE0, 0x00, 0x01, 0xF8, 0x01, 0xFF,
  0xE0, 0x00, 0x01, 0xFC, 0x03, 0xFC, 0x00, 0x00, 0x03, 0xDE, 0x7F, 0xC0, 0x00, 0x00, 0x03, 0xCF,
  0x79, 0xC0, 0x00, 0x00, 0x07, 0xC7, 0x01, 0xC0, 0x00, 0x00, 0x0E, 0xC2, 0x01, 0xC0, 0x00, 0x00,
  0x1C, 0xC0, 0x01, 0xC0, 0x00, 0x00, 0x38, 0xC0, 0x01, 0xC0, 0x20, 0x00, 0xF0, 0xC0, 0x01, 0xC0,
  0x30, 0x00, 0x20, 0xC0, 0x01, 0xC0, 0x70, 0x00, 0x00, 0xC0, 0x01, 0xC0, 0x70, 0x00, 0x00, 0xC0,
  0x01, 0xC0, 0x60, 0x00, 0x00, 0xC0, 0x01, 0xC0, 0x60, 0x00, 0x00, 0xE0, 0x00, 0xFF, 0xE0, 0x00,
  0x00, 0xE0, 0x00, 0x7F, 0xE0, 0x00, 0x00, 0xE0, 0x00, 0x00, 0x00, 0x00, 0x00, 0x00, 0x00, 0x00,
  0x00, 0x00, 0x00, 0x00, 0x00, 0x00, 0x00, 0x00, 0x00, 0x00, 0x00, 0x00, 0x00, 0x00, 0x00, 0x00,
  0x00, 0x00, 0x00, 0x00, 0x00, 0x00, 0x00, 0x00, 0x00, 0x00, 0x00, 0x00, 0x00, 0x00, 0x00, 0x00,
  0x00, 0x00, 0x00, 0x00, 0x00, 0x00, 0x00, 0x00, 0x00, 0x00, 0x00, 0x00, 0x00, 0x00, 0x00, 0x00,
  0x00, 0x00, 0x00, 0x00, 0x00, 0x00, 0x00, 0x00, 0x00, 0x00, 0x00, 0x00, 0x00, 0x00, 0x00, 0x00,
  0x00, 0x00, 0x00, 0x00, 0x01, 0x00, 0x00, 0x00, 0x00, 0x00, 0x01, 0xC0, 0x00, 0x00, 0x00, 0x00,
  0x01, 0x80, 0x00, 0x00, 0x00, 0x00, 0x03, 0x80, 0x7F, 0xFE, 0x00, 0x00, 0x03, 0x80, 0x7F, 0xFE,
  0x00, 0x00, 0x03, 0x00, 0x00, 0x1C, 0x00, 0x00, 0xFF, 0xFE, 0x00, 0x3C, 0x00, 0x00, 0xFF, 0xFE,
  0x00, 0x38, 0x00, 0x00, 0x06, 0x00, 0x00, 0x70, 0x00, 0x00, 0x0E, 0x00, 0x00, 0xF0, 0x00, 0x00,
  0x0E, 0x00, 0x01, 0xF0, 0x00, 0x00, 0x0C, 0xE0, 0x01, 0xF8, 0x00, 0x00, 0x1C, 0xE0, 0x03, 0xBE,
  0x00, 0x00, 0x1C, 0xE0, 0x07, 0x1F, 0x00, 0x00, 0x18, 0xE0, 0x0E, 0x07, 0xC0, 0x00, 0x38, 0xE0,
  0x1C, 0x03, 0xE0, 0x00, 0x3F, 0xFF, 0x78, 0x01, 0xF0, 0x00, 0x3F, 0xFF, 0xF0, 0x00, 0x60, 0x00,
  0x00, 0xE1, 0xE0, 0x00, 0x00, 0x00, 0x00, 0xE1, 0xC0, 0x00, 0x00, 0x00, 0x00, 0xE0, 0x80, 0x00,
  0x00, 0x00, 0x00, 0xE0, 0x7F, 0xFF, 0xC0, 0x00, 0x00, 0xE0, 0x7F, 0xFF, 0xC0, 0x00, 0x00, 0xEF,
  0x00, 0xE0, 0x00, 0x00, 0x01, 0xFE, 0x00, 0xE0, 0x00, 0x00, 0x7F, 0xE0, 0x00, 0xE0, 0x00, 0x00,
  0x7C, 0xE0, 0x00, 0xE0, 0x00, 0x00, 0x60, 0xE0, 0x00, 0xE0, 0x00, 0x00, 0x00, 0xE0, 0x00, 0xE0,
  0x00, 0x00, 0x00, 0xE0, 0x00, 0xE0, 0x00, 0x00, 0x00, 0xE0, 0x00, 0xE0, 0x00, 0x00, 0x00, 0xE0,
  0xFF, 0xFF, 0xF8, 0x00, 0x00, 0xE0, 0xFF, 0xFF, 0xF8, 0x00, 0x00, 0xE0, 0x00, 0x00, 0x00, 0x00,
  0x00, 0xE0, 0x00, 0x00, 0x00, 0x00, 0x00, 0xE0, 0x00, 0x00, 0x00, 0x00, 0x00, 0x00, 0x00, 0x00,
  0x00, 0x00, 0x00, 0x00, 0x00, 0x00, 0x00, 0x00, 0x00, 0x00, 0x00, 0x00, 0x00, 0x00, 0x00, 0x00,
  0x00, 0x00, 0x00, 0x00, 0x00, 0x00, 0x00, 0x00, 0x00, 0x00, 0x00, 0x00, 0x00, 0x00, 0x00, 0x00,
  0x00, 0x00, 0x00, 0x00, 0x00, 0x00, 0x00, 0x00, 0x00, 0x00, 0x00, 0x00, 0x00, 0x00, 0x00, 0x00,
  0x00, 0x00, 0x00, 0x00, 0x00, 0x00, 0x00, 0x00, 0x00, 0x00, 0x00, 0x00, 0x00, 0x00, 0x00, 0x00,
  0x00, 0x00, 0x00, 0x00, 0x00, 0x00, 0x00, 0x00, 0x00, 0x00, 0x01, 0xFF, 0xFF, 0xFC, 0x00, 0x00,
  0x01, 0xFF, 0xFF, 0xFC, 0x00, 0x00, 0x01, 0x80, 0x00, 0x1C, 0x00, 0x00, 0x01, 0x80, 0x00, 0x1C,
  0x00, 0x00, 0x01, 0xFF, 0xFF, 0xFC, 0x00, 0x00, 0x01, 0xFF, 0xFF, 0xFC, 0x00, 0x00, 0x01, 0x80,
  0x00, 0x1C, 0x00, 0x00, 0x01, 0x80, 0x00, 0x1C, 0x00, 0x00, 0x01, 0xFF, 0xFF, 0xFC, 0x00, 0x00,
  0x00, 0x00, 0x00, 0x00, 0x00, 0x00, 0x00, 0x00, 0x00, 0x00, 0x00, 0x00, 0x7F, 0xFF, 0xFF, 0xFF,
  0xF0, 0x00, 0x7F, 0xFF, 0xFF, 0xFF, 0xF0, 0x00, 0x00, 0x00, 0x00, 0x00, 0x00, 0x00, 0x00, 0x00,
  0x00, 0x00, 0x00, 0x00, 0x01, 0xFF, 0xFF, 0xFC, 0x00, 0x00, 0x01, 0x80, 0x60, 0x0C, 0x00, 0x00,
  0x01, 0x80, 0x60, 0x0C, 0x00, 0x00, 0x01, 0x80, 0x60, 0x0C, 0x00, 0x00, 0x01, 0xFF, 0xFF, 0xFC,
  0x00, 0x00, 0x01, 0x80, 0x60, 0x0C, 0x00, 0x00, 0x01, 0x80, 0x60, 0x0C, 0x00, 0x00, 0x01, 0x80,
  0x60, 0x0C, 0x00, 0x00, 0x01, 0xFF, 0xFF, 0xFC, 0x00, 0x00, 0x00, 0x00, 0x60, 0x00, 0x00, 0x00,
  0x00, 0x00, 0x60, 0x00, 0x00, 0x00, 0x00, 0x00, 0x60, 0x00, 0x00, 0x00, 0x07, 0xFF, 0xFF, 0xFF,
  0x00, 0x00, 0x04, 0x00, 0x60, 0x00, 0x00, 0x00, 0x00, 0x00, 0x60, 0x00, 0x00, 0x00, 0x00, 0x00,
  0x60, 0x00, 0x00, 0x00, 0x3F, 0xFF, 0xFF, 0xFF, 0xE0, 0x00, 0x30, 0x00, 0x00, 0x00, 0x20, 0x00,
  0x00, 0x00, 0x00, 0x00, 0x00, 0x00, 0x00, 0x00, 0x00, 0x00, 0x00, 0x00, 0x00, 0x00, 0x00, 0x00,
  0x00, 0x00, 0x00, 0x00, 0x00, 0x00, 0x00, 0x00, 0x00, 0x00, 0x00, 0x00, 0x00, 0x00, 0x00, 0x00,
  0x00, 0x00, 0x00, 0x00, 0x00, 0x00, 0x00, 0x00, 0x00, 0x00, 0x00, 0x00, 0x00, 0x00, 0x00, 0x00,
  0x00, 0x00, 0x00, 0x00, 0x00, 0x00, 0x00, 0x00, 0x00, 0x00, 0x00, 0x00, 0x00, 0x00, 0x00, 0x00,
  0x00, 0x00, 0x00, 0x00, 0x00, 0x00, 0x00, 0x00, 0x00, 0x00, 0x00, 0x00, 0x00, 0x00, 0x00, 0x00,
  0x00, 0x00, 0x00, 0x00, 0x00, 0x70, 0x00, 0x00, 0x00, 0x00, 0x00, 0x70, 0x00, 0x30, 0x00, 0x00,
  0x00, 0x60, 0x00, 0x78, 0x00, 0x00, 0x00, 0x60, 0x00, 0xF8, 0x00, 0x00, 0x00, 0x60, 0x00, 0xF0,
  0x00, 0x00, 0x00, 0x60, 0x01, 0xE0, 0x00, 0x00, 0x00, 0x60, 0x03, 0xC0, 0x00, 0x00, 0x00, 0x60,
  0x0F, 0x80, 0x00, 0x00, 0x00, 0x60, 0x1E, 0x00, 0x00, 0x00, 0x00, 0x60, 0x7C, 0x00, 0x00, 0x00,
  0x00, 0x60, 0xF8, 0x00, 0x00, 0x00, 0x00, 0x63, 0xE0, 0x00, 0x00, 0x00, 0x00, 0x7F, 0xC0, 0x00,
  0x00, 0x00, 0x00, 0x7F, 0x00, 0x00, 0x00, 0x00, 0x00, 0x7E, 0x00, 0x00, 0x00, 0x00, 0x7F, 0xFF,
  0xFF, 0xFF, 0xE0, 0x00, 0x7F, 0xFF, 0xFF, 0xFF, 0xE0, 0x00, 0x7F, 0xFF, 0xFF, 0xFF, 0xE0, 0x00,
  0x00, 0x60, 0x70, 0x00, 0x00, 0x00, 0x00, 0x60, 0x70, 0x00, 0x00, 0x00, 0x00, 0x60, 0x38, 0x00,
  0x00, 0x00, 0x00, 0x60, 0x1C, 0x00, 0x00, 0x00, 0x00, 0x60, 0x1E, 0x00, 0x00, 0x00, 0x00, 0x60,
  0x0E, 0x00, 0x00, 0x00, 0x00, 0x60, 0x07, 0x00, 0x00, 0x00, 0x00, 0x60, 0x03, 0x80, 0x00, 0x00,
  0x00, 0x60, 0x01, 0xE0, 0x00, 0x00, 0x00, 0x60, 0x00, 0xF0, 0x00, 0x00, 0x00, 0x60, 0x20, 0x78,
  0x00, 0x00, 0x00, 0x60, 0xE0, 0x3E, 0x00, 0x00, 0x00, 0x63, 0xE0, 0x1F, 0x80, 0x00, 0x00, 0x6F,
  0x80, 0x07, 0xF0, 0x00, 0x00, 0xFE, 0x00, 0x01, 0xF0, 0x00, 0x00, 0xF8, 0x00, 0x00, 0x60, 0x00,
  0x00, 0x70, 0x00, 0x00, 0x00, 0x00, 0x00, 0x40, 0x00, 0x00, 0x00, 0x00, 0x00, 0x00, 0x00, 0x00,
  0x00, 0x00, 0x00, 0x00, 0x00, 0x00, 0x00, 0x00, 0x00, 0x00, 0x00, 0x00, 0x00, 0x00, 0x00, 0x00,
  0x00, 0x00, 0x00, 0x00, 0x00, 0x00, 0x00, 0x00, 0x00, 0x00, 0x00, 0x00, 0x00, 0x00, 0x00, 0x00,
  0x00, 0x00, 0x00, 0x00, 0x00, 0x00, 0x00, 0x00, 0x00, 0x00, 0x00, 0x00, 0x00, 0x00, 0x00, 0x00,
  0x00, 0x00, 0x00, 0x00, 0x00, 0x00, 0x00, 0x00, 0x00, 0x00, 0x00, 0x00, 0x00, 0x00, 0x00, 0x00,
  0x00, 0x00, 0x00, 0x00, 0x00, 0x00, 0x00, 0x00, 0x00, 0x00, 0x0C, 0x07, 0x00, 0x00, 0x00, 0x00,
  0x0C, 0x07, 0x3F, 0xFF, 0xF0, 0x00, 0x0C, 0x07, 0x3F, 0xFF, 0xF0, 0x00, 0x0C, 0x77, 0x00, 0x70,
  0x00, 0x00, 0x0C, 0x77, 0x00, 0x70, 0x00, 0x00, 0x0C, 0x77, 0x00, 0x70, 0x00, 0x00, 0x0C, 0x77,
  0x00, 0xE0, 0x00, 0x00, 0x0C, 0x77, 0x00, 0xE0, 0x00, 0x00, 0x0C, 0x77, 0x0F, 0xFF, 0xC0, 0x00,
  0x0C, 0x77, 0x0F, 0xFF, 0xC0, 0x00, 0x0C, 0x77, 0x0E, 0x00, 0xC0, 0x00, 0x0C, 0x77, 0x0E, 0x00,
  0xC0, 0x00, 0x0C, 0x77, 0x0E, 0x70, 0xC0, 0x00, 0x0C, 0x77, 0x0E, 0x70, 0xC0, 0x00, 0x0C, 0x77,
  0x0E, 0x70, 0xC0, 0x00, 0x0C, 0x77, 0x0E, 0x70, 0xC0, 0x00, 0x0C, 0x77, 0x0E, 0x70, 0xC0, 0x00,
  0x0C, 0x77, 0x0E, 0x70, 0xC0, 0x00, 0x0C, 0x77, 0x0E, 0x70, 0xC0, 0x00, 0x0C, 0x77, 0x0E, 0x70,
  0xC0, 0x00, 0x0C, 0x77, 0x0E, 0x70, 0xC0, 0x00, 0x0C, 0x77, 0x0E, 0x70, 0xC0, 0x00, 0x0C, 0x77,
  0x0E, 0x70, 0xC0, 0x00, 0x0C, 0x77, 0x0E, 0x70, 0xC0, 0x00, 0x0C, 0x77, 0x0E, 0x70, 0xC0, 0x00,
  0x0C, 0x77, 0x0E, 0x70, 0xC0, 0x00, 0x1C, 0x07, 0x0E, 0x7C, 0xC0, 0x00, 0x1C, 0x07, 0x00, 0xEE,
  0x00, 0x00, 0x18, 0x07, 0x00, 0xEF, 0x00, 0x00, 0x38, 0x07, 0x01, 0xC7, 0x80, 0x00, 0x38, 0x07,
  0x03, 0x83, 0xC0, 0x00, 0x70, 0x00, 0x0F, 0x01, 0xE0, 0x00, 0x10, 0x00, 0x3E, 0x00, 0xF0, 0x00,
  0x00, 0x00, 0xFC, 0x00, 0x78, 0x00, 0x00, 0x00, 0x70, 0x00, 0x30, 0x00, 0x00, 0x00, 0x00, 0x00,
  0x00, 0x00, 0x00, 0x00, 0x00, 0x00, 0x00, 0x00, 0x00, 0x00, 0x00, 0x00, 0x00, 0x00, 0x00, 0x00,
  0x00, 0x00, 0x00, 0x00, 0x00, 0x00, 0x00, 0x00, 0x00, 0x00, 0x00, 0x00, 0x00, 0x00, 0x00, 0x00
};

/* EN96 点阵：11 × 672B = 7,392B */
static const uint8_t g_en96_data[7392] PROGMEM = {
  0x00, 0x00, 0x00, 0x00, 0x00, 0x00, 0x00, 0x00, 0x00, 0x00, 0x00, 0x00, 0x00, 0x00, 0x00, 0x00,
  0x00, 0x00, 0x00, 0x00, 0x00, 0x00, 0x00, 0x00, 0x00, 0x00, 0x00, 0x00, 0x00, 0x00, 0x00, 0x00,
  0x00, 0x00, 0x00, 0x00, 0x00, 0x00, 0x00, 0x00, 0x00, 0x00, 0x00, 0x00, 0x00, 0x00, 0x00, 0x00,
  0x00, 0x00, 0x00, 0x00, 0x00, 0x00, 0x00, 0x00, 0x00, 0x00, 0x00, 0x00, 0x00, 0x00, 0x00, 0x00,
  0x00, 0x00, 0x00, 0x00, 0x00, 0x00, 0x00, 0x00, 0x00, 0x00, 0x00, 0x00, 0x00, 0x00, 0x00, 0x00,
  0x00, 0x00, 0x00, 0x00, 0x00, 0x00, 0x00, 0x00, 0x00, 0x00, 0x00, 0x00, 0x00, 0x00, 0x00, 0x00,
  0x00, 0x00, 0x00, 0x00, 0x00, 0x00, 0x00, 0x00, 0x00, 0x00, 0x00, 0x00, 0x00, 0x00, 0x00, 0x00,
  0x00, 0x00, 0x00, 0x00, 0x00, 0x00, 0x00, 0x00, 0x00, 0x00, 0x00, 0x00, 0x00, 0x00, 0x00, 0x00,
  0x00, 0x00, 0x00, 0x00, 0x00, 0x00, 0x00, 0x00, 0x00, 0x00, 0x00, 0x00, 0x00, 0x00, 0x00, 0x00,
  0x00, 0x00, 0x00, 0x00, 0x00, 0x00, 0x00, 0x00, 0x00, 0x00, 0x00, 0x00, 0x00, 0x00, 0x00, 0x00,
  0x00, 0x00, 0x00, 0x00, 0x00, 0x00, 0x00, 0x00, 0x00, 0x00, 0x00, 0x00, 0x00, 0x00, 0x00, 0x00,
  0x00, 0x00, 0x00, 0x00, 0x00, 0x00, 0x00, 0x00, 0x00, 0x00, 0x00, 0x00, 0x00, 0x00, 0x00, 0x00,
  0x00, 0x00, 0x00, 0x00, 0x00, 0x00, 0x00, 0x00, 0x00, 0x00, 0x00, 0x00, 0x00, 0x00, 0x00, 0x00,
  0x00, 0x00, 0x00, 0x00, 0x00, 0x00, 0x00, 0x00, 0x00, 0x00, 0x00, 0x00, 0x00, 0x00, 0x00, 0x00,
  0x00, 0x00, 0x00, 0x00, 0x00, 0x00, 0x00, 0x00, 0x00, 0x00, 0x00, 0x00, 0x00, 0x00, 0x00, 0x00,
  0x00, 0x00, 0x00, 0x00, 0x00, 0x00, 0x00, 0x00, 0x00, 0x00, 0x00, 0x00, 0x00, 0x00, 0x00, 0x00,
  0x00, 0x00, 0x00, 0x00, 0x00, 0x00, 0x00, 0x00, 0x00, 0x00, 0x00, 0x00, 0x00, 0x00, 0x00, 0x00,
  0x00, 0x00, 0x00, 0x00, 0x00, 0x00, 0x00, 0x00, 0x00, 0x00, 0x0F, 0xF0, 0x00, 0x00, 0x00, 0x00,
  0x00, 0xFF, 0xFF, 0x00, 0x00, 0x00, 0x00, 0x03, 0xFF, 0xFF, 0xC0, 0x00, 0x00, 0x00, 0x07, 0xFF,
  0xFF, 0xE0, 0x00, 0x00, 0x00, 0x0F, 0xFF, 0xFF, 0xF0, 0x00, 0x00, 0x00, 0x1F, 0xFF, 0xFF, 0xF8,
  0x00, 0x00, 0x00, 0x3F, 0xFF, 0xFF, 0xFC, 0x00, 0x00, 0x00, 0x7F, 0xF8, 0x1F, 0xFE, 0x00, 0x00,
  0x00, 0xFF, 0xE0, 0x07, 0xFF, 0x00, 0x00, 0x00, 0xFF, 0x80, 0x01, 0xFF, 0x00, 0x00, 0x01, 0xFF,
  0x80, 0x01, 0xFF, 0x80, 0x00, 0x01, 0xFF, 0x00, 0x00, 0xFF, 0x80, 0x00, 0x03, 0xFE, 0x00, 0x00,
  0x7F, 0xC0, 0x00, 0x03, 0xFE, 0x00, 0x00, 0x7F, 0xC0, 0x00, 0x03, 0xFE, 0x00, 0x00, 0x7F, 0xC0,
  0x00, 0x07, 0xFC, 0x00, 0x00, 0x3F, 0xE0, 0x00, 0x07, 0xFC, 0x00, 0x00, 0x3F, 0xE0, 0x00, 0x07,
  0xFC, 0x00, 0x00, 0x3F, 0xE0, 0x00, 0x07, 0xFC, 0x00, 0x00, 0x3F, 0xE0, 0x00, 0x07, 0xF8, 0x00,
  0x00, 0x1F, 0xE0, 0x00, 0x0F, 0xF8, 0x00, 0x00, 0x1F, 0xF0, 0x00, 0x0F, 0xF8, 0x00, 0x00, 0x1F,
  0xF0, 0x00, 0x0F, 0xF8, 0x00, 0x00, 0x1F, 0xF0, 0x00, 0x0F, 0xF8, 0x00, 0x00, 0x1F, 0xF0, 0x00,
  0x0F, 0xF8, 0x00, 0x00, 0x1F, 0xF0, 0x00, 0x0F, 0xF8, 0x00, 0x00, 0x1F, 0xF0, 0x00, 0x0F, 0xF8,
  0x00, 0x00, 0x1F, 0xF0, 0x00, 0x0F, 0xF8, 0x00, 0x00, 0x1F, 0xF0, 0x00, 0x0F, 0xF8, 0x00, 0x00,
  0x1F, 0xF0, 0x00, 0x0F, 0xF8, 0x00, 0x00, 0x1F, 0xF0, 0x00, 0x0F, 0xF8, 0x00, 0x00, 0x1F, 0xF0,
  0x00, 0x0F, 0xF8, 0x00, 0x00, 0x1F, 0xF0, 0x00, 0x0F, 0xF8, 0x00, 0x00, 0x1F, 0xF0, 0x00, 0x0F,
  0xF8, 0x00, 0x00, 0x1F, 0xF0, 0x00, 0x07, 0xF8, 0x00, 0x00, 0x1F, 0xE0, 0x00, 0x07, 0xFC, 0x00,
  0x00, 0x3F, 0xE0, 0x00, 0x07, 0xFC, 0x00, 0x00, 0x3F, 0xE0, 0x00, 0x07, 0xFC, 0x00, 0x00, 0x3F,
  0xE0, 0x00, 0x07, 0xFC, 0x00, 0x00, 0x3F, 0xE0, 0x00, 0x03, 0xFE, 0x00, 0x00, 0x7F, 0xC0, 0x00,
  0x03, 0xFE, 0x00, 0x00, 0x7F, 0xC0, 0x00, 0x03, 0xFE, 0x00, 0x00, 0x7F, 0xC0, 0x00, 0x01, 0xFF,
  0x00, 0x00, 0xFF, 0x80, 0x00, 0x01, 0xFF, 0x80, 0x01, 0xFF, 0x80, 0x00, 0x00, 0xFF, 0xC0, 0x01,
  0xFF, 0x00, 0x00, 0x00, 0xFF, 0xE0, 0x07, 0xFF, 0x00, 0x00, 0x00, 0x7F, 0xF8, 0x1F, 0xFE, 0x00,
  0x00, 0x00, 0x3F, 0xFF, 0xFF, 0xFC, 0x00, 0x00, 0x00, 0x1F, 0xFF, 0xFF, 0xF8, 0x00, 0x00, 0x00,
  0x0F, 0xFF, 0xFF, 0xF0, 0x00, 0x00, 0x00, 0x07, 0xFF, 0xFF, 0xE0, 0x00, 0x00, 0x00, 0x03, 0xFF,
  0xFF, 0xC0, 0x00, 0x00, 0x00, 0x00, 0xFF, 0xFF, 0x00, 0x00, 0x00, 0x00, 0x00, 0x1F, 0xF8, 0x00,
  0x00, 0x00, 0x00, 0x00, 0x00, 0x00, 0x00, 0x00, 0x00, 0x00, 0x00, 0x00, 0x00, 0x00, 0x00, 0x00,
  0x00, 0x00, 0x00, 0x00, 0x00, 0x00, 0x00, 0x00, 0x00, 0x00, 0x00, 0x00, 0x00, 0x00, 0x00, 0x00,
  0x00, 0x00, 0x00, 0x00, 0x00, 0x00, 0x00, 0x00, 0x00, 0x00, 0x00, 0x00, 0x00, 0x00, 0x00, 0x00,
  0x00, 0x00, 0x00, 0x00, 0x00, 0x00, 0x00, 0x00, 0x00, 0x00, 0x00, 0x00, 0x00, 0x00, 0x00, 0x00,
  0x00, 0x00, 0x00, 0x00, 0x00, 0x00, 0x00, 0x00, 0x00, 0x00, 0x00, 0x00, 0x00, 0x00, 0x00, 0x00,
  0x00, 0x00, 0x00, 0x00, 0x00, 0x00, 0x00, 0x00, 0x00, 0x00, 0x00, 0x00, 0x00, 0x00, 0x00, 0x00,
  0x00, 0x00, 0x00, 0x00, 0x00, 0x00, 0x00, 0x00, 0x00, 0x00, 0x00, 0x00, 0x00, 0x00, 0x00, 0x00,
  0x00, 0x00, 0x00, 0x00, 0x00, 0x00, 0x00, 0x00, 0x00, 0x00, 0x00, 0x00, 0x00, 0x00, 0x00, 0x00,
  0x00, 0x00, 0x00, 0x00, 0x00, 0x00, 0x00, 0x00, 0x00, 0x00, 0x00, 0x00, 0x00, 0x00, 0x00, 0x00,
  0x00, 0x00, 0x00, 0x00, 0x00, 0x00, 0x00, 0x00, 0x00, 0x00, 0x00, 0x00, 0x00, 0x00, 0x00, 0x00,
  0x00, 0x00, 0x00, 0x00, 0x00, 0x00, 0x00, 0x00, 0x00, 0x00, 0x00, 0x00, 0x00, 0x00, 0x00, 0x00,
  0x00, 0x00, 0x00, 0x00, 0x00, 0x00, 0x00, 0x00, 0x00, 0x00, 0x00, 0x00, 0x00, 0x00, 0x00, 0x00,
  0x00, 0x00, 0x00, 0x00, 0x00, 0x00, 0x00, 0x00, 0x00, 0x00, 0x00, 0x00, 0x00, 0x00, 0x00, 0x00,
  0x00, 0x00, 0x00, 0x00, 0x00, 0x00, 0x00, 0x00, 0x00, 0x00, 0x00, 0x00, 0x00, 0x00, 0x00, 0x00,
  0x00, 0x00, 0x00, 0x00, 0x00, 0x00, 0x00, 0x00, 0x00, 0x00, 0x00, 0x00, 0x00, 0x00, 0x00, 0x00,
  0x00, 0x00, 0x00, 0x00, 0x00, 0x00, 0x00, 0x00, 0x00, 0x00, 0x00, 0x00, 0x00, 0x00, 0x00, 0x00,
  0x00, 0x00, 0x00, 0x00, 0x00, 0x00, 0x00, 0x00, 0x00, 0x00, 0x00, 0x00, 0x00, 0x00, 0x00, 0x00,
  0x00, 0x00, 0x00, 0x00, 0x00, 0x00, 0x00, 0x00, 0x00, 0x00, 0x00, 0x00, 0x00, 0x00, 0x00, 0x00,
  0x00, 0x00, 0x00, 0x00, 0x00, 0x00, 0x00, 0x00, 0x00, 0xFF, 0xFF, 0xF8, 0x00, 0x00, 0x00, 0x00,
  0xFF, 0xFF, 0xF8, 0x00, 0x00, 0x00, 0x00, 0xFF, 0xFF, 0xF8, 0x00, 0x00, 0x00, 0x00, 0xFF, 0xFF,
  0xF8, 0x00, 0x00, 0x00, 0x00, 0xFF, 0xFF, 0xF8, 0x00, 0x00, 0x00, 0x00, 0xFF, 0xFF, 0xF8, 0x00,
  0x00, 0x00, 0x00, 0xFF, 0xFF, 0xF8, 0x00, 0x00, 0x00, 0x00, 0xFF, 0xFF, 0xF8, 0x00, 0x00, 0x00,
  0x00, 0x00, 0x0F, 0xF8, 0x00, 0x00, 0x00, 0x00, 0x00, 0x0F, 0xF8, 0x00, 0x00, 0x00, 0x00, 0x00,
  0x0F, 0xF8, 0x00, 0x00, 0x00, 0x00, 0x00, 0x0F, 0xF8, 0x00, 0x00, 0x00, 0x00, 0x00, 0x0F, 0xF8,
  0x00, 0x00, 0x00, 0x00, 0x00, 0x0F, 0xF8, 0x00, 0x00, 0x00, 0x00, 0x00, 0x0F, 0xF8, 0x00, 0x00,
  0x00, 0x00, 0x00, 0x0F, 0xF8, 0x00, 0x00, 0x00, 0x00, 0x00, 0x0F, 0xF8, 0x00, 0x00, 0x00, 0x00,
  0x00, 0x0F, 0xF8, 0x00, 0x00, 0x00, 0x00, 0x00, 0x0F, 0xF8, 0x00, 0x00, 0x00, 0x00, 0x00, 0x0F,
  0xF8, 0x00, 0x00, 0x00, 0x00, 0x00, 0x0F, 0xF8, 0x00, 0x00, 0x00, 0x00, 0x00, 0x0F, 0xF8, 0x00,
  0x00, 0x00, 0x00, 0x00, 0x0F, 0xF8, 0x00, 0x00, 0x00, 0x00, 0x00, 0x0F, 0xF8, 0x00, 0x00, 0x00,
  0x00, 0x00, 0x0F, 0xF8, 0x00, 0x00, 0x00, 0x00, 0x00, 0x0F, 0xF8, 0x00, 0x00, 0x00, 0x00, 0x00,
  0x0F, 0xF8, 0x00, 0x00, 0x00, 0x00, 0x00, 0x0F, 0xF8, 0x00, 0x00, 0x00, 0x00, 0x00, 0x0F, 0xF8,
  0x00, 0x00, 0x00, 0x00, 0x00, 0x0F, 0xF8, 0x00, 0x00, 0x00, 0x00, 0x00, 0x0F, 0xF8, 0x00, 0x00,
  0x00, 0x00, 0x00, 0x0F, 0xF8, 0x00, 0x00, 0x00, 0x00, 0x00, 0x0F, 0xF8, 0x00, 0x00, 0x00, 0x00,
  0x00, 0x0F, 0xF8, 0x00, 0x00, 0x00, 0x00, 0x00, 0x0F, 0xF8, 0x00, 0x00, 0x00, 0x00, 0x00, 0x0F,
  0xF8, 0x00, 0x00, 0x00, 0x00, 0x00, 0x0F, 0xF8, 0x00, 0x00, 0x00, 0x00, 0x00, 0x0F, 0xF8, 0x00,
  0x00, 0x00, 0x00, 0x00, 0x0F, 0xF8, 0x00, 0x00, 0x00, 0x00, 0x00, 0x0F, 0xF8, 0x00, 0x00, 0x00,
  0x00, 0x00, 0x0F, 0xF8, 0x00, 0x00, 0x00, 0x00, 0x00, 0x0F, 0xF8, 0x00, 0x00, 0x00, 0x00, 0x00,
  0x0F, 0xF8, 0x00, 0x00, 0x00, 0x00, 0x00, 0x0F, 0xF8, 0x00, 0x00, 0x00, 0x00, 0x00, 0x0F, 0xF8,
  0x00, 0x00, 0x00, 0x00, 0x00, 0x0F, 0xF8, 0x00, 0x00, 0x00, 0x00, 0x00, 0x0F, 0xF8, 0x00, 0x00,
  0x00, 0x00, 0x00, 0x0F, 0xF8, 0x00, 0x00, 0x00, 0x00, 0x00, 0x0F, 0xF8, 0x00, 0x00, 0x00, 0x00,
  0x00, 0x0F, 0xF8, 0x00, 0x00, 0x00, 0x00, 0x00, 0x0F, 0xF8, 0x00, 0x00, 0x00, 0x00, 0x00, 0x0F,
  0xF8, 0x00, 0x00, 0x00, 0x00, 0x00, 0x0F, 0xF8, 0x00, 0x00, 0x00, 0x00, 0x00, 0x0F, 0xF8, 0x00,
  0x00, 0x00, 0x00, 0x00, 0x00, 0x00, 0x00, 0x00, 0x00, 0x00, 0x00, 0x00, 0x00, 0x00, 0x00, 0x00,
  0x00, 0x00, 0x00, 0x00, 0x00, 0x00, 0x00, 0x00, 0x00, 0x00, 0x00, 0x00, 0x00, 0x00, 0x00, 0x00,
  0x00, 0x00, 0x00, 0x00, 0x00, 0x00, 0x00, 0x00, 0x00, 0x00, 0x00, 0x00, 0x00, 0x00, 0x00, 0x00,
  0x00, 0x00, 0x00, 0x00, 0x00, 0x00, 0x00, 0x00, 0x00, 0x00, 0x00, 0x00, 0x00, 0x00, 0x00, 0x00,
  0x00, 0x00, 0x00, 0x00, 0x00, 0x00, 0x00, 0x00, 0x00, 0x00, 0x00, 0x00, 0x00, 0x00, 0x00, 0x00,
  0x00, 0x00, 0x00, 0x00, 0x00, 0x00, 0x00, 0x00, 0x00, 0x00, 0x00, 0x00, 0x00, 0x00, 0x00, 0x00,
  0x00, 0x00, 0x00, 0x00, 0x00, 0x00, 0x00, 0x00, 0x00, 0x00, 0x00, 0x00, 0x00, 0x00, 0x00, 0x00,
  0x00, 0x00, 0x00, 0x00, 0x00, 0x00, 0x00, 0x00, 0x00, 0x00, 0x00, 0x00, 0x00, 0x00, 0x00, 0x00,
  0x00, 0x00, 0x00, 0x00, 0x00, 0x00, 0x00, 0x00, 0x00, 0x00, 0x00, 0x00, 0x00, 0x00, 0x00, 0x00,
  0x00, 0x00, 0x00, 0x00, 0x00, 0x00, 0x00, 0x00, 0x00, 0x00, 0x00, 0x00, 0x00, 0x00, 0x00, 0x00,
  0x00, 0x00, 0x00, 0x00, 0x00, 0x00, 0x00, 0x00, 0x00, 0x00, 0x00, 0x00, 0x00, 0x00, 0x00, 0x00,
  0x00, 0x00, 0x00, 0x00, 0x00, 0x00, 0x00, 0x00, 0x00, 0x00, 0x00, 0x00, 0x00, 0x00, 0x00, 0x00,
  0x00, 0x00, 0x00, 0x00, 0x00, 0x00, 0x00, 0x00, 0x00, 0x00, 0x00, 0x00, 0x00, 0x00, 0x00, 0x00,
  0x00, 0x00, 0x00, 0x00, 0x00, 0x00, 0x00, 0x00, 0x00, 0x00, 0x00, 0x00, 0x00, 0x00, 0x00, 0x00,
  0x00, 0x00, 0x00, 0x00, 0x00, 0x00, 0x00, 0x00, 0x00, 0x00, 0x00, 0x00, 0x00, 0x00, 0x00, 0x00,
  0x00, 0x00, 0x00, 0x00, 0x00, 0x00, 0x00, 0x00, 0x00, 0x00, 0x00, 0x00, 0x00, 0x00, 0x00, 0x00,
  0x00, 0x00, 0x00, 0x00, 0x00, 0x00, 0x00, 0x00, 0x00, 0x00, 0x00, 0x00, 0x00, 0x00, 0x00, 0x00,
  0x00, 0x00, 0x00, 0x00, 0x00, 0x00, 0x00, 0x00, 0x00, 0x00, 0x00, 0x00, 0x00, 0x00, 0x00, 0x00,
  0x00, 0x00, 0x00, 0x00, 0x00, 0x00, 0x00, 0x00, 0x00, 0x00, 0x1F, 0xF0, 0x00, 0x00, 0x00, 0x00,
  0x01, 0xFF, 0xFF, 0x00, 0x00, 0x00, 0x00, 0x0F, 0xFF, 0xFF, 0xC0, 0x00, 0x00, 0x00, 0x3F, 0xFF,
  0xFF, 0xF0, 0x00, 0x00, 0x00, 0xFF, 0xFF, 0xFF, 0xF8, 0x00, 0x00, 0x01, 0xFF, 0xFF, 0xFF, 0xFC,
  0x00, 0x00, 0x07, 0xFF, 0xFF, 0xFF, 0xFE, 0x00, 0x00, 0x1F, 0xFF, 0xFF, 0xFF, 0xFE, 0x00, 0x00,
  0x0F, 0xFF, 0xC0, 0x1F, 0xFF, 0x00, 0x00, 0x0F, 0xFE, 0x00, 0x07, 0xFF, 0x00, 0x00, 0x07, 0xF8,
  0x00, 0x03, 0xFF, 0x80, 0x00, 0x03, 0xE0, 0x00, 0x01, 0xFF, 0x80, 0x00, 0x03, 0xC0, 0x00, 0x00,
  0xFF, 0x80, 0x00, 0x01, 0x80, 0x00, 0x00, 0xFF, 0x80, 0x00, 0x01, 0x00, 0x00, 0x00, 0xFF, 0x80,
  0x00, 0x00, 0x00, 0x00, 0x00, 0xFF, 0x80, 0x00, 0x00, 0x00, 0x00, 0x00, 0xFF, 0x80, 0x00, 0x00,
  0x00, 0x00, 0x01, 0xFF, 0x00, 0x00, 0x00, 0x00, 0x00, 0x01, 0xFF, 0x00, 0x00, 0x00, 0x00, 0x00,
  0x01, 0xFF, 0x00, 0x00, 0x00, 0x00, 0x00, 0x03, 0xFE, 0x00, 0x00, 0x00, 0x00, 0x00, 0x07, 0xFE,
  0x00, 0x00, 0x00, 0x00, 0x00, 0x0F, 0xFC, 0x00, 0x00, 0x00, 0x00, 0x00, 0x0F, 0xF8, 0x00, 0x00,
  0x00, 0x00, 0x00, 0x1F, 0xF8, 0x00, 0x00, 0x00, 0x00, 0x00, 0x3F, 0xF0, 0x00, 0x00, 0x00, 0x00,
  0x00, 0x7F, 0xE0, 0x00, 0x00, 0x00, 0x00, 0x00, 0xFF, 0xC0, 0x00, 0x00, 0x00, 0x00, 0x01, 0xFF,
  0xC0, 0x00, 0x00, 0x00, 0x00, 0x03, 0xFF, 0x80, 0x00, 0x00, 0x00, 0x00, 0x07, 0xFF, 0x00, 0x00,
  0x00, 0x00, 0x00, 0x0F, 0xFE, 0x00, 0x00, 0x00, 0x00, 0x00, 0x1F, 0xFC, 0x00, 0x00, 0x00, 0x00,
  0x00, 0x3F, 0xF8, 0x00, 0x00, 0x00, 0x00, 0x00, 0x7F, 0xF0, 0x00, 0x00, 0x00, 0x00, 0x00, 0xFF,
  0xE0, 0x00, 0x00, 0x00, 0x00, 0x01, 0xFF, 0xC0, 0x00, 0x00, 0x00, 0x00, 0x03, 0xFF, 0x80, 0x00,
  0x00, 0x00, 0x00, 0x07, 0xFF, 0x00, 0x00, 0x00, 0x00, 0x00, 0x0F, 0xFE, 0x00, 0x00, 0x00, 0x00,
  0x00, 0x1F, 0xFC, 0x00, 0x00, 0x00, 0x00, 0x00, 0x3F, 0xF8, 0x00, 0x00, 0x00, 0x00, 0x00, 0x7F,
  0xF0, 0x00, 0x00, 0x00, 0x00, 0x00, 0xFF, 0xE0, 0x00, 0x00, 0x00, 0x00, 0x01, 0xFF, 0xC0, 0x00,
  0x00, 0x00, 0x00, 0x03, 0xFF, 0x80, 0x00, 0x00, 0x00, 0x00, 0x07, 0xFF, 0xFF, 0xFF, 0xFF, 0xF0,
  0x00, 0x0F, 0xFF, 0xFF, 0xFF, 0xFF, 0xF0, 0x00, 0x0F, 0xFF, 0xFF, 0xFF, 0xFF, 0xF0, 0x00, 0x0F,
  0xFF, 0xFF, 0xFF, 0xFF, 0xF0, 0x00, 0x0F, 0xFF, 0xFF, 0xFF, 0xFF, 0xF0, 0x00, 0x0F, 0xFF, 0xFF,
  0xFF, 0xFF, 0xF0, 0x00, 0x0F, 0xFF, 0xFF, 0xFF, 0xFF, 0xF0, 0x00, 0x0F, 0xFF, 0xFF, 0xFF, 0xFF,
  0xF0, 0x00, 0x00, 0x00, 0x00, 0x00, 0x00, 0x00, 0x00, 0x00, 0x00, 0x00, 0x00, 0x00, 0x00, 0x00,
  0x00, 0x00, 0x00, 0x00, 0x00, 0x00, 0x00, 0x00, 0x00, 0x00, 0x00, 0x00, 0x00, 0x00, 0x00, 0x00,
  0x00, 0x00, 0x00, 0x00, 0x00, 0x00, 0x00, 0x00, 0x00, 0x00, 0x00, 0x00, 0x00, 0x00, 0x00, 0x00,
  0x00, 0x00, 0x00, 0x00, 0x00, 0x00, 0x00, 0x00, 0x00, 0x00, 0x00, 0x00, 0x00, 0x00, 0x00, 0x00,
  0x00, 0x00, 0x00, 0x00, 0x00, 0x00, 0x00, 0x00, 0x00, 0x00, 0x00, 0x00, 0x00, 0x00, 0x00, 0x00,
  0x00, 0x00, 0x00, 0x00, 0x00, 0x00, 0x00, 0x00, 0x00, 0x00, 0x00, 0x00, 0x00, 0x00, 0x00, 0x00,
  0x00, 0x00, 0x00, 0x00, 0x00, 0x00, 0x00, 0x00, 0x00, 0x00, 0x00, 0x00, 0x00, 0x00, 0x00, 0x00,
  0x00, 0x00, 0x00, 0x00, 0x00, 0x00, 0x00, 0x00, 0x00, 0x00, 0x00, 0x00, 0x00, 0x00, 0x00, 0x00,
  0x00, 0x00, 0x00, 0x00, 0x00, 0x00, 0x00, 0x00, 0x00, 0x00, 0x00, 0x00, 0x00, 0x00, 0x00, 0x00,
  0x00, 0x00, 0x00, 0x00, 0x00, 0x00, 0x00, 0x00, 0x00, 0x00, 0x00, 0x00, 0x00, 0x00, 0x00, 0x00,
  0x00, 0x00, 0x00, 0x00, 0x00, 0x00, 0x00, 0x00, 0x00, 0x00, 0x00, 0x00, 0x00, 0x00, 0x00, 0x00,
  0x00, 0x00, 0x00, 0x00, 0x00, 0x00, 0x00, 0x00, 0x00, 0x00, 0x00, 0x00, 0x00, 0x00, 0x00, 0x00,
  0x00, 0x00, 0x00, 0x00, 0x00, 0x00, 0x00, 0x00, 0x00, 0x00, 0x00, 0x00, 0x00, 0x00, 0x00, 0x00,
  0x00, 0x00, 0x00, 0x00, 0x00, 0x00, 0x00, 0x00, 0x00, 0x00, 0x00, 0x00, 0x00, 0x00, 0x00, 0x00,
  0x00, 0x00, 0x00, 0x00, 0x00, 0x00, 0x00, 0x00, 0x00, 0x00, 0x00, 0x00, 0x00, 0x00, 0x00, 0x00,
  0x00, 0x00, 0x00, 0x00, 0x00, 0x00, 0x00, 0x00, 0x00, 0x00, 0x00, 0x00, 0x00, 0x00, 0x00, 0x00,
  0x00, 0x00, 0x00, 0x00, 0x00, 0x00, 0x00, 0x00, 0x00, 0x00, 0x00, 0x00, 0x00, 0x00, 0x00, 0x00,
  0x00, 0x00, 0x00, 0x00, 0x00, 0x00, 0x00, 0x00, 0x00, 0x00, 0x00, 0x00, 0x00, 0x00, 0x00, 0x00,
  0x00, 0x00, 0x00, 0x00, 0x00, 0x00, 0x00, 0x00, 0x07, 0xFF, 0xFF, 0xFF, 0xFF, 0x00, 0x00, 0x07,
  0xFF, 0xFF, 0xFF, 0xFF, 0x00, 0x00, 0x07, 0xFF, 0xFF, 0xFF, 0xFF, 0x00, 0x00, 0x07, 0xFF, 0xFF,
  0xFF, 0xFF, 0x00, 0x00, 0x07, 0xFF, 0xFF, 0xFF, 0xFF, 0x00, 0x00, 0x07, 0xFF, 0xFF, 0xFF, 0xFF,
  0x00, 0x00, 0x07, 0xFF, 0xFF, 0xFF, 0xFF, 0x00, 0x00, 0x07, 0xFF, 0xFF, 0xFF, 0xFC, 0x00, 0x00,
  0x00, 0x00, 0x00, 0x0F, 0xF8, 0x00, 0x00, 0x00, 0x00, 0x00, 0x1F, 0xF0, 0x00, 0x00, 0x00, 0x00,
  0x00, 0x3F, 0xE0, 0x00, 0x00, 0x00, 0x00, 0x00, 0x7F, 0xC0, 0x00, 0x00, 0x00, 0x00, 0x00, 0xFF,
  0x80, 0x00, 0x00, 0x00, 0x00, 0x01, 0xFF, 0x00, 0x00, 0x00, 0x00, 0x00, 0x03, 0xFE, 0x00, 0x00,
  0x00, 0x00, 0x00, 0x07, 0xFC, 0x00, 0x00, 0x00, 0x00, 0x00, 0x0F, 0xF8, 0x00, 0x00, 0x00, 0x00,
  0x00, 0x1F, 0xF0, 0x00, 0x00, 0x00, 0x00, 0x00, 0x3F, 0xE0, 0x00, 0x00, 0x00, 0x00, 0x00, 0xFF,
  0x80, 0x00, 0x00, 0x00, 0x00, 0x01, 0xFF, 0x00, 0x00, 0x00, 0x00, 0x00, 0x03, 0xFE, 0x00, 0x00,
  0x00, 0x00, 0x00, 0x07, 0xFF, 0xF0, 0x00, 0x00, 0x00, 0x00, 0x07, 0xFF, 0xFF, 0x80, 0x00, 0x00,
  0x00, 0x07, 0xFF, 0xFF, 0xE0, 0x00, 0x00, 0x00, 0x07, 0xFF, 0xFF, 0xF8, 0x00, 0x00, 0x00, 0x07,
  0xFF, 0xFF, 0xFC, 0x00, 0x00, 0x00, 0x07, 0xFF, 0xFF, 0xFE, 0x00, 0x00, 0x00, 0x00, 0x00, 0x3F,
  0xFF, 0x00, 0x00, 0x00, 0x00, 0x00, 0x07, 0xFF, 0x80, 0x00, 0x00, 0x00, 0x00, 0x01, 0xFF, 0x80,
  0x00, 0x00, 0x00, 0x00, 0x00, 0xFF, 0xC0, 0x00, 0x00, 0x00, 0x00, 0x00, 0x7F, 0xC0, 0x00, 0x00,
  0x00, 0x00, 0x00, 0x7F, 0xC0, 0x00, 0x00, 0x00, 0x00, 0x00, 0x3F, 0xE0, 0x00, 0x00, 0x00, 0x00,
  0x00, 0x3F, 0xE0, 0x00, 0x00, 0x00, 0x00, 0x00, 0x3F, 0xE0, 0x00, 0x00, 0x00, 0x00, 0x00, 0x3F,
  0xE0, 0x00, 0x00, 0x00, 0x00, 0x00, 0x3F, 0xE0, 0x00, 0x00, 0x00, 0x00, 0x00, 0x3F, 0xE0, 0x00,
  0x00, 0x00, 0x00, 0x00, 0x7F, 0xE0, 0x00, 0x04, 0x00, 0x00, 0x00, 0x7F, 0xC0, 0x00, 0x07, 0x00,
  0x00, 0x00, 0xFF, 0xC0, 0x00, 0x07, 0x80, 0x00, 0x00, 0xFF, 0xC0, 0x00, 0x0F, 0xE0, 0x00, 0x03,
  0xFF, 0x80, 0x00, 0x0F, 0xF8, 0x00, 0x07, 0xFF, 0x80, 0x00, 0x1F, 0xFF, 0x00, 0x3F, 0xFF, 0x00,
  0x00, 0x3F, 0xFF, 0xFF, 0xFF, 0xFE, 0x00, 0x00, 0x3F, 0xFF, 0xFF, 0xFF, 0xFC, 0x00, 0x00, 0x0F,
  0xFF, 0xFF, 0xFF, 0xF8, 0x00, 0x00, 0x07, 0xFF, 0xFF, 0xFF, 0xF0, 0x00, 0x00, 0x00, 0xFF, 0xFF,
  0xFF, 0xC0, 0x00, 0x00, 0x00, 0x1F, 0xFF, 0xFE, 0x00, 0x00, 0x00, 0x00, 0x00, 0xFF, 0xE0, 0x00,
  0x00, 0x00, 0x00, 0x00, 0x00, 0x00, 0x00, 0x00, 0x00, 0x00, 0x00, 0x00, 0x00, 0x00, 0x00, 0x00,
  0x00, 0x00, 0x00, 0x00, 0x00, 0x00, 0x00, 0x00, 0x00, 0x00, 0x00, 0x00, 0x00, 0x00, 0x00, 0x00,
  0x00, 0x00, 0x00, 0x00, 0x00, 0x00, 0x00, 0x00, 0x00, 0x00, 0x00, 0x00, 0x00, 0x00, 0x00, 0x00,
  0x00, 0x00, 0x00, 0x00, 0x00, 0x00, 0x00, 0x00, 0x00, 0x00, 0x00, 0x00, 0x00, 0x00, 0x00, 0x00,
  0x00, 0x00, 0x00, 0x00, 0x00, 0x00, 0x00, 0x00, 0x00, 0x00, 0x00, 0x00, 0x00, 0x00, 0x00, 0x00,
  0x00, 0x00, 0x00, 0x00, 0x00, 0x00, 0x00, 0x00, 0x00, 0x00, 0x00, 0x00, 0x00, 0x00, 0x00, 0x00,
  0x00, 0x00, 0x00, 0x00, 0x00, 0x00, 0x00, 0x00, 0x00, 0x00, 0x00, 0x00, 0x00, 0x00, 0x00, 0x00,
  0x00, 0x00, 0x00, 0x00, 0x00, 0x00, 0x00, 0x00, 0x00, 0x00, 0x00, 0x00, 0x00, 0x00, 0x00, 0x00,
  0x00, 0x00, 0x00, 0x00, 0x00, 0x00, 0x00, 0x00, 0x00, 0x00, 0x00, 0x00, 0x00, 0x00, 0x00, 0x00,
  0x00, 0x00, 0x00, 0x00, 0x00, 0x00, 0x00, 0x00, 0x00, 0x00, 0x00, 0x00, 0x00, 0x00, 0x00, 0x00,
  0x00, 0x00, 0x00, 0x00, 0x00, 0x00, 0x00, 0x00, 0x00, 0x00, 0x00, 0x00, 0x00, 0x00, 0x00, 0x00,
  0x00, 0x00, 0x00, 0x00, 0x00, 0x00, 0x00, 0x00, 0x00, 0x00, 0x00, 0x00, 0x00, 0x00, 0x00, 0x00,
  0x00, 0x00, 0x00, 0x00, 0x00, 0x00, 0x00, 0x00, 0x00, 0x00, 0x00, 0x00, 0x00, 0x00, 0x00, 0x00,
  0x00, 0x00, 0x00, 0x00, 0x00, 0x00, 0x00, 0x00, 0x00, 0x00, 0x00, 0x00, 0x00, 0x00, 0x00, 0x00,
  0x00, 0x00, 0x00, 0x00, 0x00, 0x00, 0x00, 0x00, 0x00, 0x00, 0x00, 0x00, 0x00, 0x00, 0x00, 0x00,
  0x00, 0x00, 0x00, 0x00, 0x00, 0x00, 0x00, 0x00, 0x00, 0x00, 0x00, 0x00, 0x00, 0x00, 0x00, 0x00,
  0x00, 0x00, 0x00, 0x00, 0x00, 0x00, 0x00, 0x00, 0x00, 0x00, 0x00, 0x00, 0x00, 0x00, 0x00, 0x00,
  0x00, 0x00, 0x00, 0x00, 0x00, 0x00, 0x00, 0x00, 0x00, 0x00, 0x00, 0x00, 0x00, 0x00, 0x00, 0x00,
  0x00, 0x00, 0x00, 0x00, 0x00, 0x00, 0x00, 0x00, 0x00, 0x00, 0x07, 0xFC, 0x00, 0x00, 0x00, 0x00,
  0x00, 0x07, 0xFC, 0x00, 0x00, 0x00, 0x00, 0x00, 0x0F, 0xF8, 0x00, 0x00, 0x00, 0x00, 0x00, 0x0F,
  0xF0, 0x00, 0x00, 0x00, 0x00, 0x00, 0x1F, 0xF0, 0x00, 0x00, 0x00, 0x00, 0x00, 0x1F, 0xE0, 0x00,
  0x00, 0x00, 0x00, 0x00, 0x3F, 0xE0, 0x00, 0x00, 0x00, 0x00, 0x00, 0x7F, 0xC0, 0x00, 0x00, 0x00,
  0x00, 0x00, 0x7F, 0xC0, 0x00, 0x00, 0x00, 0x00, 0x00, 0xFF, 0x80, 0x00, 0x00, 0x00, 0x00, 0x00,
  0xFF, 0x80, 0x00, 0x00, 0x00, 0x00, 0x01, 0xFF, 0x00, 0x00, 0x00, 0x00, 0x00, 0x01, 0xFF, 0x00,
  0x00, 0x00, 0x00, 0x00, 0x03, 0xFE, 0x00, 0x00, 0x00, 0x00, 0x00, 0x03, 0xFE, 0x00, 0x00, 0x00,
  0x00, 0x00, 0x07, 0xFC, 0x00, 0x00, 0x00, 0x00, 0x00, 0x0F, 0xF8, 0x00, 0x00, 0x00, 0x00, 0x00,
  0x0F, 0xF8, 0x00, 0x00, 0x00, 0x00, 0x00, 0x1F, 0xF0, 0x00, 0x00, 0x00, 0x00, 0x00, 0x1F, 0xF0,
  0x00, 0x00, 0x00, 0x00, 0x00, 0x3F, 0xE0, 0x07, 0xF8, 0x00, 0x00, 0x00, 0x3F, 0xE0, 0x07, 0xF8,
  0x00, 0x00, 0x00, 0x7F, 0xC0, 0x07, 0xF8, 0x00, 0x00, 0x00, 0x7F, 0xC0, 0x07, 0xF8, 0x00, 0x00,
  0x00, 0xFF, 0x80, 0x07, 0xF8, 0x00, 0x00, 0x00, 0xFF, 0x80, 0x07, 0xF8, 0x00, 0x00, 0x01, 0xFF,
  0x00, 0x07, 0xF8, 0x00, 0x00, 0x03, 0xFE, 0x00, 0x07, 0xF8, 0x00, 0x00, 0x03, 0xFE, 0x00, 0x07,
  0xF8, 0x00, 0x00, 0x07, 0xFC, 0x00, 0x07, 0xF8, 0x00, 0x00, 0x07, 0xFC, 0x00, 0x07, 0xF8, 0x00,
  0x00, 0x0F, 0xF8, 0x00, 0x07, 0xF8, 0x00, 0x00, 0x0F, 0xF8, 0x00, 0x07, 0xF8, 0x00, 0x00, 0x1F,
  0xFF, 0xFF, 0xFF, 0xFF, 0xF8, 0x00, 0x1F, 0xFF, 0xFF, 0xFF, 0xFF, 0xF8, 0x00, 0x1F, 0xFF, 0xFF,
  0xFF, 0xFF, 0xF8, 0x00, 0x1F, 0xFF, 0xFF, 0xFF, 0xFF, 0xF8, 0x00, 0x1F, 0xFF, 0xFF, 0xFF, 0xFF,
  0xF8, 0x00, 0x1F, 0xFF, 0xFF, 0xFF, 0xFF, 0xF8, 0x00, 0x1F, 0xFF, 0xFF, 0xFF, 0xFF, 0xF8, 0x00,
  0x1F, 0xFF, 0xFF, 0xFF, 0xFF, 0xF8, 0x00, 0x00, 0x00, 0x00, 0x07, 0xF8, 0x00, 0x00, 0x00, 0x00,
  0x00, 0x07, 0xF8, 0x00, 0x00, 0x00, 0x00, 0x00, 0x07, 0xF8, 0x00, 0x00, 0x00, 0x00, 0x00, 0x07,
  0xF8, 0x00, 0x00, 0x00, 0x00, 0x00, 0x07, 0xF8, 0x00, 0x00, 0x00, 0x00, 0x00, 0x07, 0xF8, 0x00,
  0x00, 0x00, 0x00, 0x00, 0x07, 0xF8, 0x00, 0x00, 0x00, 0x00, 0x00, 0x07, 0xF8, 0x00, 0x00, 0x00,
  0x00, 0x00, 0x07, 0xF8, 0x00, 0x00, 0x00, 0x00, 0x00, 0x07, 0xF8, 0x00, 0x00, 0x00, 0x00, 0x00,
  0x07, 0xF8, 0x00, 0x00, 0x00, 0x00, 0x00, 0x07, 0xF8, 0x00, 0x00, 0x00, 0x00, 0x00, 0x07, 0xF8,
  0x00, 0x00, 0x00, 0x00, 0x00, 0x00, 0x00, 0x00, 0x00, 0x00, 0x00, 0x00, 0x00, 0x00, 0x00, 0x00,
  0x00, 0x00, 0x00, 0x00, 0x00, 0x00, 0x00, 0x00, 0x00, 0x00, 0x00, 0x00, 0x00, 0x00, 0x00, 0x00,
  0x00, 0x00, 0x00, 0x00, 0x00, 0x00, 0x00, 0x00, 0x00, 0x00, 0x00, 0x00, 0x00, 0x00, 0x00, 0x00,
  0x00, 0x00, 0x00, 0x00, 0x00, 0x00, 0x00, 0x00, 0x00, 0x00, 0x00, 0x00, 0x00, 0x00, 0x00, 0x00,
  0x00, 0x00, 0x00, 0x00, 0x00, 0x00, 0x00, 0x00, 0x00, 0x00, 0x00, 0x00, 0x00, 0x00, 0x00, 0x00,
  0x00, 0x00, 0x00, 0x00, 0x00, 0x00, 0x00, 0x00, 0x00, 0x00, 0x00, 0x00, 0x00, 0x00, 0x00, 0x00,
  0x00, 0x00, 0x00, 0x00, 0x00, 0x00, 0x00, 0x00, 0x00, 0x00, 0x00, 0x00, 0x00, 0x00, 0x00, 0x00,
  0x00, 0x00, 0x00, 0x00, 0x00, 0x00, 0x00, 0x00, 0x00, 0x00, 0x00, 0x00, 0x00, 0x00, 0x00, 0x00,
  0x00, 0x00, 0x00, 0x00, 0x00, 0x00, 0x00, 0x00, 0x00, 0x00, 0x00, 0x00, 0x00, 0x00, 0x00, 0x00,
  0x00, 0x00, 0x00, 0x00, 0x00, 0x00, 0x00, 0x00, 0x00, 0x00, 0x00, 0x00, 0x00, 0x00, 0x00, 0x00,
  0x00, 0x00, 0x00, 0x00, 0x00, 0x00, 0x00, 0x00, 0x00, 0x00, 0x00, 0x00, 0x00, 0x00, 0x00, 0x00,
  0x00, 0x00, 0x00, 0x00, 0x00, 0x00, 0x00, 0x00, 0x00, 0x00, 0x00, 0x00, 0x00, 0x00, 0x00, 0x00,
  0x00, 0x00, 0x00, 0x00, 0x00, 0x00, 0x00, 0x00, 0x00, 0x00, 0x00, 0x00, 0x00, 0x00, 0x00, 0x00,
  0x00, 0x00, 0x00, 0x00, 0x00, 0x00, 0x00, 0x00, 0x00, 0x00, 0x00, 0x00, 0x00, 0x00, 0x00, 0x00,
  0x00, 0x00, 0x00, 0x00, 0x00, 0x00, 0x00, 0x00, 0x00, 0x00, 0x00, 0x00, 0x00, 0x00, 0x00, 0x00,
  0x00, 0x00, 0x00, 0x00, 0x00, 0x00, 0x00, 0x00, 0x00, 0x00, 0x00, 0x00, 0x00, 0x00, 0x00, 0x00,
  0x00, 0x00, 0x00, 0x00, 0x00, 0x00, 0x00, 0x00, 0x00, 0x00, 0x00, 0x00, 0x00, 0x00, 0x00, 0x00,
  0x00, 0x00, 0x00, 0x00, 0x00, 0x00, 0x00, 0x00, 0x00, 0x00, 0x00, 0x00, 0x00, 0x00, 0x00, 0x00,
  0x00, 0x00, 0x00, 0x00, 0x00, 0x00, 0x00, 0x00, 0x01, 0xFF, 0xFF, 0xFF, 0xFF, 0xC0, 0x00, 0x01,
  0xFF, 0xFF, 0xFF, 0xFF, 0xC0, 0x00, 0x01, 0xFF, 0xFF, 0xFF, 0xFF, 0xC0, 0x00, 0x01, 0xFF, 0xFF,
  0xFF, 0xFF, 0xC0, 0x00, 0x01, 0xFF, 0xFF, 0xFF, 0xFF, 0xC0, 0x00, 0x01, 0xFF, 0xFF, 0xFF, 0xFF,
  0xC0, 0x00, 0x01, 0xFF, 0xFF, 0xFF, 0xFF, 0xC0, 0x00, 0x01, 0xFF, 0xFF, 0xFF, 0xFF, 0xC0, 0x00,
  0x01, 0xFE, 0x00, 0x00, 0x00, 0x00, 0x00, 0x01, 0xFE, 0x00, 0x00, 0x00, 0x00, 0x00, 0x01, 0xFE,
  0x00, 0x00, 0x00, 0x00, 0x00, 0x01, 0xFE, 0x00, 0x00, 0x00, 0x00, 0x00, 0x01, 0xFE, 0x00, 0x00,
  0x00, 0x00, 0x00, 0x01, 0xFE, 0x00, 0x00, 0x00, 0x00, 0x00, 0x01, 0xFE, 0x00, 0x00, 0x00, 0x00,
  0x00, 0x01, 0xFE, 0x00, 0x00, 0x00, 0x00, 0x00, 0x01, 0xFE, 0x00, 0x00, 0x00, 0x00, 0x00, 0x01,
  0xFE, 0x00, 0x00, 0x00, 0x00, 0x00, 0x01, 0xFE, 0x00, 0x00, 0x00, 0x00, 0x00, 0x01, 0xFE, 0x00,
  0x00, 0x00, 0x00, 0x00, 0x01, 0xFF, 0xFF, 0xF0, 0x00, 0x00, 0x00, 0x01, 0xFF, 0xFF, 0xFF, 0x00,
  0x00, 0x00, 0x01, 0xFF, 0xFF, 0xFF, 0xE0, 0x00, 0x00, 0x01, 0xFF, 0xFF, 0xFF, 0xF8, 0x00, 0x00,
  0x01, 0xFF, 0xFF, 0xFF, 0xFC, 0x00, 0x00, 0x01, 0xFF, 0xFF, 0xFF, 0xFE, 0x00, 0x00, 0x01, 0xFF,
  0xFF, 0xFF, 0xFF, 0x00, 0x00, 0x01, 0xFF, 0xFF, 0xFF, 0xFF, 0x80, 0x00, 0x01, 0x80, 0x00, 0x1F,
  0xFF, 0xC0, 0x00, 0x00, 0x00, 0x00, 0x07, 0xFF, 0xC0, 0x00, 0x00, 0x00, 0x00, 0x01, 0xFF, 0xE0,
  0x00, 0x00, 0x00, 0x00, 0x00, 0xFF, 0xE0, 0x00, 0x00, 0x00, 0x00, 0x00, 0x7F, 0xE0, 0x00, 0x00,
  0x00, 0x00, 0x00, 0x7F, 0xF0, 0x00, 0x00, 0x00, 0x00, 0x00, 0x3F, 0xF0, 0x00, 0x00, 0x00, 0x00,
  0x00, 0x3F, 0xF0, 0x00, 0x00, 0x00, 0x00, 0x00, 0x3F, 0xF0, 0x00, 0x00, 0x00, 0x00, 0x00, 0x3F,
  0xF0, 0x00, 0x00, 0x00, 0x00, 0x00, 0x3F, 0xF0, 0x00, 0x00, 0x00, 0x00, 0x00, 0x3F, 0xF0, 0x00,
  0x00, 0x00, 0x00, 0x00, 0x7F, 0xE0, 0x00, 0x03, 0x00, 0x00, 0x00, 0x7F, 0xE0, 0x00, 0x07, 0x80,
  0x00, 0x00, 0xFF, 0xE0, 0x00, 0x07, 0xE0, 0x00, 0x01, 0xFF, 0xC0, 0x00, 0x0F, 0xF8, 0x00, 0x07,
  0xFF, 0xC0, 0x00, 0x0F, 0xFF, 0x80, 0x3F, 0xFF, 0x80, 0x00, 0x1F, 0xFF, 0xFF, 0xFF, 0xFF, 0x80,
  0x00, 0x1F, 0xFF, 0xFF, 0xFF, 0xFF, 0x00, 0x00, 0x0F, 0xFF, 0xFF, 0xFF, 0xFE, 0x00, 0x00, 0x03,
  0xFF, 0xFF, 0xFF, 0xF8, 0x00, 0x00, 0x00, 0xFF, 0xFF, 0xFF, 0xF0, 0x00, 0x00, 0x00, 0x3F, 0xFF,
  0xFF, 0xC0, 0x00, 0x00, 0x00, 0x07, 0xFF, 0xFF, 0x00, 0x00, 0x00, 0x00, 0x00, 0x7F, 0xF0, 0x00,
  0x00, 0x00, 0x00, 0x00, 0x00, 0x00, 0x00, 0x00, 0x00, 0x00, 0x00, 0x00, 0x00, 0x00, 0x00, 0x00,
  0x00, 0x00, 0x00, 0x00, 0x00, 0x00, 0x00, 0x00, 0x00, 0x00, 0x00, 0x00, 0x00, 0x00, 0x00, 0x00,
  0x00, 0x00, 0x00, 0x00, 0x00, 0x00, 0x00, 0x00, 0x00, 0x00, 0x00, 0x00, 0x00, 0x00, 0x00, 0x00,
  0x00, 0x00, 0x00, 0x00, 0x00, 0x00, 0x00, 0x00, 0x00, 0x00, 0x00, 0x00, 0x00, 0x00, 0x00, 0x00,
  0x00, 0x00, 0x00, 0x00, 0x00, 0x00, 0x00, 0x00, 0x00, 0x00, 0x00, 0x00, 0x00, 0x00, 0x00, 0x00,
  0x00, 0x00, 0x00, 0x00, 0x00, 0x00, 0x00, 0x00, 0x00, 0x00, 0x00, 0x00, 0x00, 0x00, 0x00, 0x00,
  0x00, 0x00, 0x00, 0x00, 0x00, 0x00, 0x00, 0x00, 0x00, 0x00, 0x00, 0x00, 0x00, 0x00, 0x00, 0x00,
  0x00, 0x00, 0x00, 0x00, 0x00, 0x00, 0x00, 0x00, 0x00, 0x00, 0x00, 0x00, 0x00, 0x00, 0x00, 0x00,
  0x00, 0x00, 0x00, 0x00, 0x00, 0x00, 0x00, 0x00, 0x00, 0x00, 0x00, 0x00, 0x00, 0x00, 0x00, 0x00,
  0x00, 0x00, 0x00, 0x00, 0x00, 0x00, 0x00, 0x00, 0x00, 0x00, 0x00, 0x00, 0x00, 0x00, 0x00, 0x00,
  0x00, 0x00, 0x00, 0x00, 0x00, 0x00, 0x00, 0x00, 0x00, 0x00, 0x00, 0x00, 0x00, 0x00, 0x00, 0x00,
  0x00, 0x00, 0x00, 0x00, 0x00, 0x00, 0x00, 0x00, 0x00, 0x00, 0x00, 0x00, 0x00, 0x00, 0x00, 0x00,
  0x00, 0x00, 0x00, 0x00, 0x00, 0x00, 0x00, 0x00, 0x00, 0x00, 0x00, 0x00, 0x00, 0x00, 0x00, 0x00,
  0x00, 0x00, 0x00, 0x00, 0x00, 0x00, 0x00, 0x00, 0x00, 0x00, 0x00, 0x00, 0x00, 0x00, 0x00, 0x00,
  0x00, 0x00, 0x00, 0x00, 0x00, 0x00, 0x00, 0x00, 0x00, 0x00, 0x00, 0x00, 0x00, 0x00, 0x00, 0x00,
  0x00, 0x00, 0x00, 0x00, 0x00, 0x00, 0x00, 0x00, 0x00, 0x00, 0x00, 0x00, 0x00, 0x00, 0x00, 0x00,
  0x00, 0x00, 0x00, 0x00, 0x00, 0x00, 0x00, 0x00, 0x00, 0x00, 0x00, 0x00, 0x00, 0x00, 0x00, 0x00,
  0x00, 0x00, 0x00, 0x00, 0x00, 0x00, 0x00, 0x00, 0x00, 0x00, 0x00, 0x00, 0x00, 0x00, 0x00, 0x00,
  0x00, 0x00, 0x00, 0x00, 0x00, 0x00, 0x00, 0x00, 0x00, 0x00, 0x01, 0xFF, 0x80, 0x00, 0x00, 0x00,
  0x00, 0x1F, 0xFF, 0xF8, 0x00, 0x00, 0x00, 0x00, 0x7F, 0xFF, 0xFF, 0x80, 0x00, 0x00, 0x01, 0xFF,
  0xFF, 0xFF, 0xE0, 0x00, 0x00, 0x03, 0xFF, 0xFF, 0xFF, 0xE0, 0x00, 0x00, 0x07, 0xFF, 0xFF, 0xFF,
  0xE0, 0x00, 0x00, 0x0F, 0xFF, 0xFF, 0xFF, 0xC0, 0x00, 0x00, 0x3F, 0xFF, 0x00, 0x7F, 0xC0, 0x00,
  0x00, 0x3F, 0xF8, 0x00, 0x0F, 0x80, 0x00, 0x00, 0x7F, 0xF0, 0x00, 0x01, 0x80, 0x00, 0x00, 0xFF,
  0xC0, 0x00, 0x00, 0x00, 0x00, 0x00, 0xFF, 0x80, 0x00, 0x00, 0x00, 0x00, 0x01, 0xFF, 0x00, 0x00,
  0x00, 0x00, 0x00, 0x01, 0xFF, 0x00, 0x00, 0x00, 0x00, 0x00, 0x03, 0xFE, 0x00, 0x00, 0x00, 0x00,
  0x00, 0x03, 0xFE, 0x00, 0x00, 0x00, 0x00, 0x00, 0x03, 0xFC, 0x00, 0x00, 0x00, 0x00, 0x00, 0x07,
  0xFC, 0x00, 0x00, 0x00, 0x00, 0x00, 0x07, 0xFC, 0x00, 0x00, 0x00, 0x00, 0x00, 0x07, 0xFC, 0x01,
  0xFF, 0x00, 0x00, 0x00, 0x07, 0xF8, 0x0F, 0xFF, 0xF0, 0x00, 0x00, 0x07, 0xF8, 0x3F, 0xFF, 0xFC,
  0x00, 0x00, 0x0F, 0xF8, 0x7F, 0xFF, 0xFE, 0x00, 0x00, 0x0F, 0xF9, 0xFF, 0xFF, 0xFF, 0x00, 0x00,
  0x0F, 0xF9, 0xFF, 0xFF, 0xFF, 0x80, 0x00, 0x0F, 0xFB, 0xFF, 0xFF, 0xFF, 0xC0, 0x00, 0x0F, 0xFF,
  0xFC, 0x03, 0xFF, 0xE0, 0x00, 0x0F, 0xFF, 0xF0, 0x00, 0xFF, 0xE0, 0x00, 0x0F, 0xFF, 0xC0, 0x00,
  0x3F, 0xF0, 0x00, 0x0F, 0xFF, 0x80, 0x00, 0x1F, 0xF0, 0x00, 0x0F, 0xFF, 0x00, 0x00, 0x0F, 0xF0,
  0x00, 0x0F, 0xFF, 0x00, 0x00, 0x0F, 0xF0, 0x00, 0x0F, 0xFE, 0x00, 0x00, 0x0F, 0xF8, 0x00, 0x0F,
  0xFE, 0x00, 0x00, 0x07, 0xF8, 0x00, 0x07, 0xFE, 0x00, 0x00, 0x07, 0xF8, 0x00, 0x07, 0xFC, 0x00,
  0x00, 0x07, 0xF8, 0x00, 0x07, 0xFC, 0x00, 0x00, 0x07, 0xF8, 0x00, 0x07, 0xFC, 0x00, 0x00, 0x07,
  0xF8, 0x00, 0x07, 0xFE, 0x00, 0x00, 0x07, 0xF8, 0x00, 0x03, 0xFE, 0x00, 0x00, 0x07, 0xF8, 0x00,
  0x03, 0xFE, 0x00, 0x00, 0x0F, 0xF8, 0x00, 0x01, 0xFF, 0x00, 0x00, 0x0F, 0xF0, 0x00, 0x01, 0xFF,
  0x00, 0x00, 0x1F, 0xF0, 0x00, 0x01, 0xFF, 0x80, 0x00, 0x1F, 0xF0, 0x00, 0x00, 0xFF, 0xC0, 0x00,
  0x3F, 0xE0, 0x00, 0x00, 0x7F, 0xF0, 0x00, 0xFF, 0xE0, 0x00, 0x00, 0x7F, 0xFC, 0x03, 0xFF, 0xC0,
  0x00, 0x00, 0x3F, 0xFF, 0xFF, 0xFF, 0xC0, 0x00, 0x00, 0x1F, 0xFF, 0xFF, 0xFF, 0x80, 0x00, 0x00,
  0x0F, 0xFF, 0xFF, 0xFF, 0x00, 0x00, 0x00, 0x03, 0xFF, 0xFF, 0xFE, 0x00, 0x00, 0x00, 0x01, 0xFF,
  0xFF, 0xF8, 0x00, 0x00, 0x00, 0x00, 0x3F, 0xFF, 0xE0, 0x00, 0x00, 0x00, 0x00, 0x07, 0xFE, 0x00,
  0x00, 0x00, 0x00, 0x00, 0x00, 0x00, 0x00, 0x00, 0x00, 0x00, 0x00, 0x00, 0x00, 0x00, 0x00, 0x00,
  0x00, 0x00, 0x00, 0x00, 0x00, 0x00, 0x00, 0x00, 0x00, 0x00, 0x00, 0x00, 0x00, 0x00, 0x00, 0x00,
  0x00, 0x00, 0x00, 0x00, 0x00, 0x00, 0x00, 0x00, 0x00, 0x00, 0x00, 0x00, 0x00, 0x00, 0x00, 0x00,
  0x00, 0x00, 0x00, 0x00, 0x00, 0x00, 0x00, 0x00, 0x00, 0x00, 0x00, 0x00, 0x00, 0x00, 0x00, 0x00,
  0x00, 0x00, 0x00, 0x00, 0x00, 0x00, 0x00, 0x00, 0x00, 0x00, 0x00, 0x00, 0x00, 0x00, 0x00, 0x00,
  0x00, 0x00, 0x00, 0x00, 0x00, 0x00, 0x00, 0x00, 0x00, 0x00, 0x00, 0x00, 0x00, 0x00, 0x00, 0x00,
  0x00, 0x00, 0x00, 0x00, 0x00, 0x00, 0x00, 0x00, 0x00, 0x00, 0x00, 0x00, 0x00, 0x00, 0x00, 0x00,
  0x00, 0x00, 0x00, 0x00, 0x00, 0x00, 0x00, 0x00, 0x00, 0x00, 0x00, 0x00, 0x00, 0x00, 0x00, 0x00,
  0x00, 0x00, 0x00, 0x00, 0x00, 0x00, 0x00, 0x00, 0x00, 0x00, 0x00, 0x00, 0x00, 0x00, 0x00, 0x00,
  0x00, 0x00, 0x00, 0x00, 0x00, 0x00, 0x00, 0x00, 0x00, 0x00, 0x00, 0x00, 0x00, 0x00, 0x00, 0x00,
  0x00, 0x00, 0x00, 0x00, 0x00, 0x00, 0x00, 0x00, 0x00, 0x00, 0x00, 0x00, 0x00, 0x00, 0x00, 0x00,
  0x00, 0x00, 0x00, 0x00, 0x00, 0x00, 0x00, 0x00, 0x00, 0x00, 0x00, 0x00, 0x00, 0x00, 0x00, 0x00,
  0x00, 0x00, 0x00, 0x00, 0x00, 0x00, 0x00, 0x00, 0x00, 0x00, 0x00, 0x00, 0x00, 0x00, 0x00, 0x00,
  0x00, 0x00, 0x00, 0x00, 0x00, 0x00, 0x00, 0x00, 0x00, 0x00, 0x00, 0x00, 0x00, 0x00, 0x00, 0x00,
  0x00, 0x00, 0x00, 0x00, 0x00, 0x00, 0x00, 0x00, 0x00, 0x00, 0x00, 0x00, 0x00, 0x00, 0x00, 0x00,
  0x00, 0x00, 0x00, 0x00, 0x00, 0x00, 0x00, 0x00, 0x00, 0x00, 0x00, 0x00, 0x00, 0x00, 0x00, 0x00,
  0x00, 0x00, 0x00, 0x00, 0x00, 0x00, 0x00, 0x00, 0x00, 0x00, 0x00, 0x00, 0x00, 0x00, 0x00, 0x00,
  0x00, 0x00, 0x00, 0x00, 0x00, 0x00, 0x00, 0x00, 0x00, 0x00, 0x00, 0x00, 0x00, 0x00, 0x00, 0x00,
  0x00, 0x00, 0x00, 0x00, 0x00, 0x00, 0x00, 0x00, 0x0F, 0xFF, 0xFF, 0xFF, 0xFF, 0xF8, 0x00, 0x0F,
  0xFF, 0xFF, 0xFF, 0xFF, 0xF8, 0x00, 0x0F, 0xFF, 0xFF, 0xFF, 0xFF, 0xF8, 0x00, 0x0F, 0xFF, 0xFF,
  0xFF, 0xFF, 0xF8, 0x00, 0x0F, 0xFF, 0xFF, 0xFF, 0xFF, 0xF8, 0x00, 0x0F, 0xFF, 0xFF, 0xFF, 0xFF,
  0xF8, 0x00, 0x0F, 0xFF, 0xFF, 0xFF, 0xFF, 0xF8, 0x00, 0x0F, 0xFF, 0xFF, 0xFF, 0xFF, 0xF8, 0x00,
  0x0F, 0xF0, 0x00, 0x00, 0x1F, 0xF0, 0x00, 0x0F, 0xF0, 0x00, 0x00, 0x3F, 0xF0, 0x00, 0x0F, 0xF0,
  0x00, 0x00, 0x3F, 0xE0, 0x00, 0x0F, 0xF0, 0x00, 0x00, 0x7F, 0xE0, 0x00, 0x0F, 0xF0, 0x00, 0x00,
  0x7F, 0xC0, 0x00, 0x0F, 0xF0, 0x00, 0x00, 0xFF, 0xC0, 0x00, 0x0F, 0xF0, 0x00, 0x00, 0xFF, 0x80,
  0x00, 0x0F, 0xF0, 0x00, 0x01, 0xFF, 0x80, 0x00, 0x00, 0x00, 0x00, 0x01, 0xFF, 0x00, 0x00, 0x00,
  0x00, 0x00, 0x03, 0xFF, 0x00, 0x00, 0x00, 0x00, 0x00, 0x03, 0xFE, 0x00, 0x00, 0x00, 0x00, 0x00,
  0x07, 0xFE, 0x00, 0x00, 0x00, 0x00, 0x00, 0x07, 0xFC, 0x00, 0x00, 0x00, 0x00, 0x00, 0x0F, 0xFC,
  0x00, 0x00, 0x00, 0x00, 0x00, 0x0F, 0xF8, 0x00, 0x00, 0x00, 0x00, 0x00, 0x1F, 0xF8, 0x00, 0x00,
  0x00, 0x00, 0x00, 0x1F, 0xF8, 0x00, 0x00, 0x00, 0x00, 0x00, 0x3F, 0xF0, 0x00, 0x00, 0x00, 0x00,
  0x00, 0x3F, 0xF0, 0x00, 0x00, 0x00, 0x00, 0x00, 0x7F, 0xE0, 0x00, 0x00, 0x00, 0x00, 0x00, 0x7F,
  0xE0, 0x00, 0x00, 0x00, 0x00, 0x00, 0xFF, 0xC0, 0x00, 0x00, 0x00, 0x00, 0x00, 0xFF, 0xC0, 0x00,
  0x00, 0x00, 0x00, 0x01, 0xFF, 0x80, 0x00, 0x00, 0x00, 0x00, 0x01, 0xFF, 0x80, 0x00, 0x00, 0x00,
  0x00, 0x03, 0xFF, 0x00, 0x00, 0x00, 0x00, 0x00, 0x03, 0xFF, 0x00, 0x00, 0x00, 0x00, 0x00, 0x03,
  0xFE, 0x00, 0x00, 0x00, 0x00, 0x00, 0x07, 0xFE, 0x00, 0x00, 0x00, 0x00, 0x00, 0x07, 0xFC, 0x00,
  0x00, 0x00, 0x00, 0x00, 0x0F, 0xFC, 0x00, 0x00, 0x00, 0x00, 0x00, 0x0F, 0xF8, 0x00, 0x00, 0x00,
  0x00, 0x00, 0x1F, 0xF8, 0x00, 0x00, 0x00, 0x00, 0x00, 0x1F, 0xF0, 0x00, 0x00, 0x00, 0x00, 0x00,
  0x3F, 0xF0, 0x00, 0x00, 0x00, 0x00, 0x00, 0x3F, 0xE0, 0x00, 0x00, 0x00, 0x00, 0x00, 0x7F, 0xE0,
  0x00, 0x00, 0x00, 0x00, 0x00, 0x7F, 0xC0, 0x00, 0x00, 0x00, 0x00, 0x00, 0xFF, 0xC0, 0x00, 0x00,
  0x00, 0x00, 0x00, 0xFF, 0x80, 0x00, 0x00, 0x00, 0x00, 0x01, 0xFF, 0x80, 0x00, 0x00, 0x00, 0x00,
  0x01, 0xFF, 0x00, 0x00, 0x00, 0x00, 0x00, 0x03, 0xFF, 0x00, 0x00, 0x00, 0x00, 0x00, 0x03, 0xFE,
  0x00, 0x00, 0x00, 0x00, 0x00, 0x07, 0xFE, 0x00, 0x00, 0x00, 0x00, 0x00, 0x07, 0xFC, 0x00, 0x00,
  0x00, 0x00, 0x00, 0x00, 0x00, 0x00, 0x00, 0x00, 0x00, 0x00, 0x00, 0x00, 0x00, 0x00, 0x00, 0x00,
  0x00, 0x00, 0x00, 0x00, 0x00, 0x00, 0x00, 0x00, 0x00, 0x00, 0x00, 0x00, 0x00, 0x00, 0x00, 0x00,
  0x00, 0x00, 0x00, 0x00, 0x00, 0x00, 0x00, 0x00, 0x00, 0x00, 0x00, 0x00, 0x00, 0x00, 0x00, 0x00,
  0x00, 0x00, 0x00, 0x00, 0x00, 0x00, 0x00, 0x00, 0x00, 0x00, 0x00, 0x00, 0x00, 0x00, 0x00, 0x00,
  0x00, 0x00, 0x00, 0x00, 0x00, 0x00, 0x00, 0x00, 0x00, 0x00, 0x00, 0x00, 0x00, 0x00, 0x00, 0x00,
  0x00, 0x00, 0x00, 0x00, 0x00, 0x00, 0x00, 0x00, 0x00, 0x00, 0x00, 0x00, 0x00, 0x00, 0x00, 0x00,
  0x00, 0x00, 0x00, 0x00, 0x00, 0x00, 0x00, 0x00, 0x00, 0x00, 0x00, 0x00, 0x00, 0x00, 0x00, 0x00,
  0x00, 0x00, 0x00, 0x00, 0x00, 0x00, 0x00, 0x00, 0x00, 0x00, 0x00, 0x00, 0x00, 0x00, 0x00, 0x00,
  0x00, 0x00, 0x00, 0x00, 0x00, 0x00, 0x00, 0x00, 0x00, 0x00, 0x00, 0x00, 0x00, 0x00, 0x00, 0x00,
  0x00, 0x00, 0x00, 0x00, 0x00, 0x00, 0x00, 0x00, 0x00, 0x00, 0x00, 0x00, 0x00, 0x00, 0x00, 0x00,
  0x00, 0x00, 0x00, 0x00, 0x00, 0x00, 0x00, 0x00, 0x00, 0x00, 0x00, 0x00, 0x00, 0x00, 0x00, 0x00,
  0x00, 0x00, 0x00, 0x00, 0x00, 0x00, 0x00, 0x00, 0x00, 0x00, 0x00, 0x00, 0x00, 0x00, 0x00, 0x00,
  0x00, 0x00, 0x00, 0x00, 0x00, 0x00, 0x00, 0x00, 0x00, 0x00, 0x00, 0x00, 0x00, 0x00, 0x00, 0x00,
  0x00, 0x00, 0x00, 0x00, 0x00, 0x00, 0x00, 0x00, 0x00, 0x00, 0x00, 0x00, 0x00, 0x00, 0x00, 0x00,
  0x00, 0x00, 0x00, 0x00, 0x00, 0x00, 0x00, 0x00, 0x00, 0x00, 0x00, 0x00, 0x00, 0x00, 0x00, 0x00,
  0x00, 0x00, 0x00, 0x00, 0x00, 0x00, 0x00, 0x00, 0x00, 0x00, 0x00, 0x00, 0x00, 0x00, 0x00, 0x00,
  0x00, 0x00, 0x00, 0x00, 0x00, 0x00, 0x00, 0x00, 0x00, 0x00, 0x00, 0x00, 0x00, 0x00, 0x00, 0x00,
  0x00, 0x00, 0x00, 0x00, 0x00, 0x00, 0x00, 0x00, 0x00, 0x00, 0x00, 0x00, 0x00, 0x00, 0x00, 0x00,
  0x00, 0x00, 0x00, 0x00, 0x00, 0x00, 0x00, 0x00, 0x00, 0x00, 0x1F, 0xF8, 0x00, 0x00, 0x00, 0x00,
  0x01, 0xFF, 0xFF, 0x80, 0x00, 0x00, 0x00, 0x07, 0xFF, 0xFF, 0xE0, 0x00, 0x00, 0x00, 0x1F, 0xFF,
  0xFF, 0xF8, 0x00, 0x00, 0x00, 0x3F, 0xFF, 0xFF, 0xFC, 0x00, 0x00, 0x00, 0x7F, 0xFF, 0xFF, 0xFE,
  0x00, 0x00, 0x00, 0xFF, 0xF0, 0x0F, 0xFF, 0x00, 0x00, 0x01, 0xFF, 0xC0, 0x03, 0xFF, 0x00, 0x00,
  0x01, 0xFF, 0x00, 0x00, 0xFF, 0x80, 0x00, 0x01, 0xFE, 0x00, 0x00, 0x7F, 0x80, 0x00, 0x03, 0xFE,
  0x00, 0x00, 0x7F, 0xC0, 0x00, 0x03, 0xFC, 0x00, 0x00, 0x3F, 0xC0, 0x00, 0x03, 0xFC, 0x00, 0x00,
  0x3F, 0xC0, 0x00, 0x03, 0xFC, 0x00, 0x00, 0x3F, 0xC0, 0x00, 0x03, 0xFC, 0x00, 0x00, 0x3F, 0xC0,
  0x00, 0x03, 0xFC, 0x00, 0x00, 0x3F, 0xC0, 0x00, 0x01, 0xFC, 0x00, 0x00, 0x3F, 0x80, 0x00, 0x01,
  0xFE, 0x00, 0x00, 0x7F, 0x80, 0x00, 0x01, 0xFE, 0x00, 0x00, 0x7F, 0x80, 0x00, 0x00, 0xFF, 0x00,
  0x00, 0xFF, 0x00, 0x00, 0x00, 0x7F, 0xC0, 0x03, 0xFF, 0x00, 0x00, 0x00, 0x3F, 0xF0, 0x0F, 0xFE,
  0x00, 0x00, 0x00, 0x1F, 0xFF, 0xFF, 0xFC, 0x00, 0x00, 0x00, 0x0F, 0xFF, 0xFF, 0xF8, 0x00, 0x00,
  0x00, 0x03, 0xFF, 0xFF, 0xE0, 0x00, 0x00, 0x00, 0x03, 0xFF, 0xFF, 0xE0, 0x00, 0x00, 0x00, 0x0F,
  0xFF, 0xFF, 0xF8, 0x00, 0x00, 0x00, 0x3F, 0xFF, 0xFF, 0xFC, 0x00, 0x00, 0x00, 0xFF, 0xFF, 0xFF,
  0xFF, 0x00, 0x00, 0x00, 0xFF, 0xE0, 0x07, 0xFF, 0x80, 0x00, 0x01, 0xFF, 0x00, 0x01, 0xFF, 0x80,
  0x00, 0x03, 0xFE, 0x00, 0x00, 0x7F, 0xC0, 0x00, 0x07, 0xFC, 0x00, 0x00, 0x3F, 0xE0, 0x00, 0x07,
  0xF8, 0x00, 0x00, 0x1F, 0xE0, 0x00, 0x07, 0xF8, 0x00, 0x00, 0x1F, 0xE0, 0x00, 0x0F, 0xF0, 0x00,
  0x00, 0x0F, 0xF0, 0x00, 0x0F, 0xF0, 0x00, 0x00, 0x0F, 0xF0, 0x00, 0x0F, 0xF0, 0x00, 0x00, 0x0F,
  0xF0, 0x00, 0x0F, 0xF0, 0x00, 0x00, 0x0F, 0xF0, 0x00, 0x0F, 0xF0, 0x00, 0x00, 0x0F, 0xF0, 0x00,
  0x0F, 0xF0, 0x00, 0x00, 0x0F, 0xF0, 0x00, 0x0F, 0xF8, 0x00, 0x00, 0x1F, 0xF0, 0x00, 0x0F, 0xF8,
  0x00, 0x00, 0x1F, 0xE0, 0x00, 0x07, 0xFC, 0x00, 0x00, 0x3F, 0xE0, 0x00, 0x07, 0xFE, 0x00, 0x00,
  0x7F, 0xE0, 0x00, 0x03, 0xFF, 0x00, 0x01, 0xFF, 0xC0, 0x00, 0x03, 0xFF, 0xE0, 0x07, 0xFF, 0xC0,
  0x00, 0x01, 0xFF, 0xFF, 0xFF, 0xFF, 0x80, 0x00, 0x00, 0xFF, 0xFF, 0xFF, 0xFF, 0x00, 0x00, 0x00,
  0x7F, 0xFF, 0xFF, 0xFE, 0x00, 0x00, 0x00, 0x3F, 0xFF, 0xFF, 0xFC, 0x00, 0x00, 0x00, 0x0F, 0xFF,
  0xFF, 0xF0, 0x00, 0x00, 0x00, 0x03, 0xFF, 0xFF, 0xC0, 0x00, 0x00, 0x00, 0x00, 0x1F, 0xF8, 0x00,
  0x00, 0x00, 0x00, 0x00, 0x00, 0x00, 0x00, 0x00, 0x00, 0x00, 0x00, 0x00, 0x00, 0x00, 0x00, 0x00,
  0x00, 0x00, 0x00, 0x00, 0x00, 0x00, 0x00, 0x00, 0x00, 0x00, 0x00, 0x00, 0x00, 0x00, 0x00, 0x00,
  0x00, 0x00, 0x00, 0x00, 0x00, 0x00, 0x00, 0x00, 0x00, 0x00, 0x00, 0x00, 0x00, 0x00, 0x00, 0x00,
  0x00, 0x00, 0x00, 0x00, 0x00, 0x00, 0x00, 0x00, 0x00, 0x00, 0x00, 0x00, 0x00, 0x00, 0x00, 0x00,
  0x00, 0x00, 0x00, 0x00, 0x00, 0x00, 0x00, 0x00, 0x00, 0x00, 0x00, 0x00, 0x00, 0x00, 0x00, 0x00,
  0x00, 0x00, 0x00, 0x00, 0x00, 0x00, 0x00, 0x00, 0x00, 0x00, 0x00, 0x00, 0x00, 0x00, 0x00, 0x00,
  0x00, 0x00, 0x00, 0x00, 0x00, 0x00, 0x00, 0x00, 0x00, 0x00, 0x00, 0x00, 0x00, 0x00, 0x00, 0x00,
  0x00, 0x00, 0x00, 0x00, 0x00, 0x00, 0x00, 0x00, 0x00, 0x00, 0x00, 0x00, 0x00, 0x00, 0x00, 0x00,
  0x00, 0x00, 0x00, 0x00, 0x00, 0x00, 0x00, 0x00, 0x00, 0x00, 0x00, 0x00, 0x00, 0x00, 0x00, 0x00,
  0x00, 0x00, 0x00, 0x00, 0x00, 0x00, 0x00, 0x00, 0x00, 0x00, 0x00, 0x00, 0x00, 0x00, 0x00, 0x00,
  0x00, 0x00, 0x00, 0x00, 0x00, 0x00, 0x00, 0x00, 0x00, 0x00, 0x00, 0x00, 0x00, 0x00, 0x00, 0x00,
  0x00, 0x00, 0x00, 0x00, 0x00, 0x00, 0x00, 0x00, 0x00, 0x00, 0x00, 0x00, 0x00, 0x00, 0x00, 0x00,
  0x00, 0x00, 0x00, 0x00, 0x00, 0x00, 0x00, 0x00, 0x00, 0x00, 0x00, 0x00, 0x00, 0x00, 0x00, 0x00,
  0x00, 0x00, 0x00, 0x00, 0x00, 0x00, 0x00, 0x00, 0x00, 0x00, 0x00, 0x00, 0x00, 0x00, 0x00, 0x00,
  0x00, 0x00, 0x00, 0x00, 0x00, 0x00, 0x00, 0x00, 0x00, 0x00, 0x00, 0x00, 0x00, 0x00, 0x00, 0x00,
  0x00, 0x00, 0x00, 0x00, 0x00, 0x00, 0x00, 0x00, 0x00, 0x00, 0x00, 0x00, 0x00, 0x00, 0x00, 0x00,
  0x00, 0x00, 0x00, 0x00, 0x00, 0x00, 0x00, 0x00, 0x00, 0x00, 0x00, 0x00, 0x00, 0x00, 0x00, 0x00,
  0x00, 0x00, 0x00, 0x00, 0x00, 0x00, 0x00, 0x00, 0x00, 0x00, 0x00, 0x00, 0x00, 0x00, 0x00, 0x00,
  0x00, 0x00, 0x00, 0x00, 0x00, 0x00, 0x00, 0x00, 0x00, 0x00, 0x7F, 0xE0, 0x00, 0x00, 0x00, 0x00,
  0x07, 0xFF, 0xFC, 0x00, 0x00, 0x00, 0x00, 0x1F, 0xFF, 0xFF, 0x00, 0x00, 0x00, 0x00, 0x7F, 0xFF,
  0xFF, 0xC0, 0x00, 0x00, 0x00, 0xFF, 0xFF, 0xFF, 0xF0, 0x00, 0x00, 0x01, 0xFF, 0xFF, 0xFF, 0xF8,
  0x00, 0x00, 0x03, 0xFF, 0xFF, 0xFF, 0xFC, 0x00, 0x00, 0x03, 0xFF, 0xC0, 0x3F, 0xFE, 0x00, 0x00,
  0x07, 0xFF, 0x00, 0x0F, 0xFE, 0x00, 0x00, 0x07, 0xFC, 0x00, 0x03, 0xFF, 0x00, 0x00, 0x0F, 0xF8,
  0x00, 0x01, 0xFF, 0x80, 0x00, 0x0F, 0xF8, 0x00, 0x00, 0xFF, 0x80, 0x00, 0x0F, 0xF0, 0x00, 0x00,
  0xFF, 0x80, 0x00, 0x1F, 0xF0, 0x00, 0x00, 0x7F, 0xC0, 0x00, 0x1F, 0xE0, 0x00, 0x00, 0x7F, 0xC0,
  0x00, 0x1F, 0xE0, 0x00, 0x00, 0x7F, 0xE0, 0x00, 0x1F, 0xE0, 0x00, 0x00, 0x3F, 0xE0, 0x00, 0x1F,
  0xE0, 0x00, 0x00, 0x3F, 0xE0, 0x00, 0x1F, 0xE0, 0x00, 0x00, 0x3F, 0xE0, 0x00, 0x1F, 0xE0, 0x00,
  0x00, 0x7F, 0xE0, 0x00, 0x1F, 0xE0, 0x00, 0x00, 0x7F, 0xF0, 0x00, 0x1F, 0xF0, 0x00, 0x00, 0x7F,
  0xF0, 0x00, 0x0F, 0xF0, 0x00, 0x00, 0xFF, 0xF0, 0x00, 0x0F, 0xF0, 0x00, 0x00, 0xFF, 0xF0, 0x00,
  0x0F, 0xF8, 0x00, 0x01, 0xFF, 0xF0, 0x00, 0x0F, 0xFC, 0x00, 0x03, 0xFF, 0xF0, 0x00, 0x07, 0xFE,
  0x00, 0x0F, 0xFF, 0xF0, 0x00, 0x07, 0xFF, 0xC0, 0x3F, 0xFF, 0xF0, 0x00, 0x03, 0xFF, 0xFF, 0xFF,
  0xDF, 0xF0, 0x00, 0x01, 0xFF, 0xFF, 0xFF, 0x9F, 0xF0, 0x00, 0x00, 0xFF, 0xFF, 0xFF, 0x9F, 0xF0,
  0x00, 0x00, 0x7F, 0xFF, 0xFE, 0x1F, 0xF0, 0x00, 0x00, 0x3F, 0xFF, 0xFC, 0x1F, 0xE0, 0x00, 0x00,
  0x0F, 0xFF, 0xF0, 0x1F, 0xE0, 0x00, 0x00, 0x00, 0xFF, 0x80, 0x3F, 0xE0, 0x00, 0x00, 0x00, 0x00,
  0x00, 0x3F, 0xE0, 0x00, 0x00, 0x00, 0x00, 0x00, 0x3F, 0xE0, 0x00, 0x00, 0x00, 0x00, 0x00, 0x3F,
  0xC0, 0x00, 0x00, 0x00, 0x00, 0x00, 0x7F, 0xC0, 0x00, 0x00, 0x00, 0x00, 0x00, 0x7F, 0xC0, 0x00,
  0x00, 0x00, 0x00, 0x00, 0xFF, 0x80, 0x00, 0x00, 0x00, 0x00, 0x00, 0xFF, 0x80, 0x00, 0x00, 0x00,
  0x00, 0x01, 0xFF, 0x00, 0x00, 0x00, 0x00, 0x00, 0x03, 0xFF, 0x00, 0x00, 0x01, 0x80, 0x00, 0x0F,
  0xFE, 0x00, 0x00, 0x01, 0xF0, 0x00, 0x1F, 0xFC, 0x00, 0x00, 0x03, 0xFE, 0x00, 0xFF, 0xFC, 0x00,
  0x00, 0x03, 0xFF, 0xFF, 0xFF, 0xF0, 0x00, 0x00, 0x07, 0xFF, 0xFF, 0xFF, 0xE0, 0x00, 0x00, 0x07,
  0xFF, 0xFF, 0xFF, 0xC0, 0x00, 0x00, 0x0F, 0xFF, 0xFF, 0xFF, 0x80, 0x00, 0x00, 0x01, 0xFF, 0xFF,
  0xFE, 0x00, 0x00, 0x00, 0x00, 0x3F, 0xFF, 0xF8, 0x00, 0x00, 0x00, 0x00, 0x01, 0xFF, 0x80, 0x00,
  0x00, 0x00, 0x00, 0x00, 0x00, 0x00, 0x00, 0x00, 0x00, 0x00, 0x00, 0x00, 0x00, 0x00, 0x00, 0x00,
  0x00, 0x00, 0x00, 0x00, 0x00, 0x00, 0x00, 0x00, 0x00, 0x00, 0x00, 0x00, 0x00, 0x00, 0x00, 0x00,
  0x00, 0x00, 0x00, 0x00, 0x00, 0x00, 0x00, 0x00, 0x00, 0x00, 0x00, 0x00, 0x00, 0x00, 0x00, 0x00,
  0x00, 0x00, 0x00, 0x00, 0x00, 0x00, 0x00, 0x00, 0x00, 0x00, 0x00, 0x00, 0x00, 0x00, 0x00, 0x00,
  0x00, 0x00, 0x00, 0x00, 0x00, 0x00, 0x00, 0x00, 0x00, 0x00, 0x00, 0x00, 0x00, 0x00, 0x00, 0x00,
  0x00, 0x00, 0x00, 0x00, 0x00, 0x00, 0x00, 0x00, 0x00, 0x00, 0x00, 0x00, 0x00, 0x00, 0x00, 0x00,
  0x00, 0x00, 0x00, 0x00, 0x00, 0x00, 0x00, 0x00, 0x00, 0x00, 0x00, 0x00, 0x00, 0x00, 0x00, 0x00,
  0x00, 0x00, 0x00, 0x00, 0x00, 0x00, 0x00, 0x00, 0x00, 0x00, 0x00, 0x00, 0x00, 0x00, 0x00, 0x00,
  0x00, 0x00, 0x00, 0x00, 0x00, 0x00, 0x00, 0x00, 0x00, 0x00, 0x00, 0x00, 0x00, 0x00, 0x00, 0x00,
  0x00, 0x00, 0x00, 0x00, 0x00, 0x00, 0x00, 0x00, 0x00, 0x00, 0x00, 0x00, 0x00, 0x00, 0x00, 0x00,
  0x00, 0x00, 0x00, 0x00, 0x00, 0x00, 0x00, 0x00, 0x00, 0x00, 0x00, 0x00, 0x00, 0x00, 0x00, 0x00,
  0x00, 0x00, 0x00, 0x00, 0x00, 0x00, 0x00, 0x00, 0x00, 0x00, 0x00, 0x00, 0x00, 0x00, 0x00, 0x00,
  0x00, 0x00, 0x00, 0x00, 0x00, 0x00, 0x00, 0x00, 0x00, 0x00, 0x00, 0x00, 0x00, 0x00, 0x00, 0x00,
  0x00, 0x00, 0x00, 0x00, 0x00, 0x00, 0x00, 0x00, 0x00, 0x00, 0x00, 0x00, 0x00, 0x00, 0x00, 0x00,
  0x00, 0x00, 0x00, 0x00, 0x00, 0x00, 0x00, 0x00, 0x00, 0x00, 0x00, 0x00, 0x00, 0x00, 0x00, 0x00,
  0x00, 0x00, 0x00, 0x00, 0x00, 0x00, 0x00, 0x00, 0x00, 0x00, 0x00, 0x00, 0x00, 0x00, 0x00, 0x00,
  0x00, 0x00, 0x00, 0x00, 0x00, 0x00, 0x00, 0x00, 0x00, 0x00, 0x00, 0x00, 0x00, 0x00, 0x00, 0x00,
  0x00, 0x00, 0x00, 0x00, 0x00, 0x00, 0x00, 0x00, 0x00, 0x00, 0x00, 0x00, 0x00, 0x00, 0x00, 0x00,
  0x00, 0x00, 0x00, 0x00, 0x00, 0x00, 0x00, 0x00, 0x00, 0x00, 0x00, 0x00, 0x00, 0x00, 0x00, 0x00,
  0x00, 0x00, 0x00, 0x00, 0x00, 0x00, 0x00, 0x00, 0x00, 0x00, 0x00, 0x00, 0x00, 0x00, 0x00, 0x00,
  0x00, 0x00, 0x00, 0x00, 0x00, 0x00, 0x00, 0x00, 0x00, 0x00, 0x00, 0x00, 0x00, 0x00, 0x00, 0x00,
  0x00, 0x00, 0x00, 0x00, 0x00, 0x00, 0x00, 0x00, 0x00, 0x00, 0x00, 0x00, 0x00, 0x00, 0x00, 0x00,
  0x00, 0x00, 0x00, 0x00, 0x00, 0x00, 0x00, 0x00, 0x00, 0x00, 0x00, 0x00, 0x00, 0x00, 0x00, 0x00,
  0x00, 0x00, 0x00, 0x00, 0x00, 0x00, 0x00, 0x00, 0x00, 0x00, 0x00, 0x00, 0x00, 0x00, 0x00, 0x00,
  0x00, 0x00, 0x00, 0x00, 0x00, 0x00, 0x00, 0x00, 0x00, 0x00, 0x00, 0x00, 0x00, 0x00, 0x00, 0x00,
  0x00, 0x00, 0x00, 0x00, 0x00, 0x00, 0x00, 0x00, 0x00, 0x00, 0x00, 0x00, 0x00, 0x00, 0x00, 0x00,
  0x00, 0x00, 0x00, 0x00, 0x00, 0x00, 0x00, 0x00, 0x00, 0x00, 0x00, 0x00, 0x00, 0x00, 0x00, 0x00,
  0x00, 0x00, 0x00, 0x00, 0x00, 0x00, 0x00, 0x00, 0x00, 0x00, 0x00, 0x00, 0x00, 0x00, 0x00, 0x00,
  0x00, 0x00, 0x03, 0xC0, 0x00, 0x00, 0x00, 0x00, 0x00, 0x0F, 0xF0, 0x00, 0x00, 0x00, 0x00, 0x00,
  0x0F, 0xF0, 0x00, 0x00, 0x00, 0x00, 0x00, 0x1F, 0xF8, 0x00, 0x00, 0x00, 0x00, 0x00, 0x1F, 0xF8,
  0x00, 0x00, 0x00, 0x00, 0x00, 0x1F, 0xF8, 0x00, 0x00, 0x00, 0x00, 0x00, 0x1F, 0xF8, 0x00, 0x00,
  0x00, 0x00, 0x00, 0x0F, 0xF0, 0x00, 0x00, 0x00, 0x00, 0x00, 0x0F, 0xF0, 0x00, 0x00, 0x00, 0x00,
  0x00, 0x03, 0xC0, 0x00, 0x00, 0x00, 0x00, 0x00, 0x00, 0x00, 0x00, 0x00, 0x00, 0x00, 0x00, 0x00,
  0x00, 0x00, 0x00, 0x00, 0x00, 0x00, 0x00, 0x00, 0x00, 0x00, 0x00, 0x00, 0x00, 0x00, 0x00, 0x00,
  0x00, 0x00, 0x00, 0x00, 0x00, 0x00, 0x00, 0x00, 0x00, 0x00, 0x00, 0x00, 0x00, 0x00, 0x00, 0x00,
  0x00, 0x00, 0x00, 0x00, 0x00, 0x00, 0x00, 0x00, 0x00, 0x00, 0x00, 0x00, 0x00, 0x00, 0x00, 0x00,
  0x00, 0x00, 0x00, 0x00, 0x00, 0x00, 0x00, 0x00, 0x00, 0x00, 0x00, 0x00, 0x00, 0x00, 0x00, 0x00,
  0x00, 0x00, 0x00, 0x00, 0x00, 0x00, 0x00, 0x00, 0x00, 0x00, 0x00, 0x00, 0x00, 0x00, 0x00, 0x00,
  0x00, 0x00, 0x00, 0x03, 0xC0, 0x00, 0x00, 0x00, 0x00, 0x00, 0x0F, 0xF0, 0x00, 0x00, 0x00, 0x00,
  0x00, 0x0F, 0xF0, 0x00, 0x00, 0x00, 0x00, 0x00, 0x1F, 0xF8, 0x00, 0x00, 0x00, 0x00, 0x00, 0x1F,
  0xF8, 0x00, 0x00, 0x00, 0x00, 0x00, 0x1F, 0xF8, 0x00, 0x00, 0x00, 0x00, 0x00, 0x1F, 0xF8, 0x00,
  0x00, 0x00, 0x00, 0x00, 0x0F, 0xF0, 0x00, 0x00, 0x00, 0x00, 0x00, 0x0F, 0xF0, 0x00, 0x00, 0x00,
  0x00, 0x00, 0x03, 0xC0, 0x00, 0x00, 0x00, 0x00, 0x00, 0x00, 0x00, 0x00, 0x00, 0x00, 0x00, 0x00
};


#ifdef __cplusplus
} /* extern "C" */
#endif

#endif /* FONT_FLASH_DATA_H */
